INFO 2025-07-16 16:17:45,586 autoreload 73144 8797069056 Watching for file changes with StatReloader
WARNING 2025-07-16 16:31:15,650 log 73144 6127513600 Bad Request: /api/auth/login/
WARNING 2025-07-16 16:31:15,651 basehttp 73144 6127513600 "POST /api/auth/login/ HTTP/1.1" 400 37
INFO 2025-07-16 16:31:39,631 basehttp 73144 6144339968 "OPTIONS /api/weather/current/?lat=40.7128&lng=-74.006 HTTP/1.1" 200 0
WARNING 2025-07-16 16:31:39,645 log 73144 6144339968 Unauthorized: /api/weather/current/
WARNING 2025-07-16 16:31:39,645 basehttp 73144 6144339968 "GET /api/weather/current/?lat=40.7128&lng=-74.006 HTTP/1.1" 401 58
INFO 2025-07-16 16:31:52,301 basehttp 73144 6127513600 "POST /api/auth/login/ HTTP/1.1" 200 870
WARNING 2025-07-16 16:32:33,566 log 73144 6127513600 Unauthorized: /api/places/search/
WARNING 2025-07-16 16:32:33,566 basehttp 73144 6127513600 "GET /api/places/search/?q=restaurants%20in%20san%20francisco HTTP/1.1" 401 172
WARNING 2025-07-16 16:32:46,682 log 73144 6144339968 Unauthorized: /api/weather/current/
WARNING 2025-07-16 16:32:46,683 basehttp 73144 6144339968 "GET /api/weather/current/?lat=40.7128&lng=-74.006 HTTP/1.1" 401 58
INFO 2025-07-16 16:32:46,701 basehttp 73144 6161166336 "OPTIONS /api/recommendations/?lat=40.7128&lng=-74.006 HTTP/1.1" 200 0
WARNING 2025-07-16 16:32:46,717 log 73144 6161166336 Unauthorized: /api/recommendations/
WARNING 2025-07-16 16:32:46,724 basehttp 73144 6161166336 "GET /api/recommendations/?lat=40.7128&lng=-74.006 HTTP/1.1" 401 58
INFO 2025-07-16 16:33:32,751 basehttp 73144 6144339968 "GET /admin/ HTTP/1.1" 302 0
INFO 2025-07-16 16:33:58,040 basehttp 73144 6144339968 "GET /admin/ HTTP/1.1" 302 0
INFO 2025-07-16 16:33:58,072 basehttp 73144 6144339968 "GET /admin/login/?next=/admin/ HTTP/1.1" 200 4170
INFO 2025-07-16 16:33:58,144 basehttp 73144 6161166336 "GET /static/admin/css/dark_mode.css HTTP/1.1" 200 2808
INFO 2025-07-16 16:33:58,145 basehttp 73144 6194819072 "GET /static/admin/css/login.css HTTP/1.1" 200 951
INFO 2025-07-16 16:33:58,145 basehttp 73144 6228471808 "GET /static/admin/js/theme.js HTTP/1.1" 200 1653
INFO 2025-07-16 16:33:58,147 basehttp 73144 6177992704 "GET /static/admin/css/nav_sidebar.css HTTP/1.1" 200 2810
INFO 2025-07-16 16:33:58,147 basehttp 73144 6144339968 "GET /static/admin/css/base.css HTTP/1.1" 200 22120
INFO 2025-07-16 16:33:58,148 basehttp 73144 6211645440 "GET /static/admin/css/responsive.css HTTP/1.1" 200 16565
INFO 2025-07-16 16:33:58,151 basehttp 73144 6211645440 "GET /static/admin/js/nav_sidebar.js HTTP/1.1" 200 3063
WARNING 2025-07-16 16:33:58,247 log 73144 6211645440 Not Found: /favicon.ico
WARNING 2025-07-16 16:33:58,248 basehttp 73144 6211645440 "GET /favicon.ico HTTP/1.1" 404 3139
INFO 2025-07-16 16:34:19,084 basehttp 73144 6144339968 "POST /admin/login/?next=/admin/ HTTP/1.1" 302 0
INFO 2025-07-16 16:34:19,112 basehttp 73144 6144339968 "GET /admin/ HTTP/1.1" 200 8849
INFO 2025-07-16 16:34:19,134 basehttp 73144 6144339968 "GET /static/admin/css/dashboard.css HTTP/1.1" 200 441
INFO 2025-07-16 16:34:19,148 basehttp 73144 6161166336 "GET /static/admin/img/icon-changelink.svg HTTP/1.1" 200 380
INFO 2025-07-16 16:34:19,148 basehttp 73144 6144339968 "GET /static/admin/img/icon-addlink.svg HTTP/1.1" 200 331
INFO 2025-07-16 16:34:40,777 basehttp 73144 6144339968 "GET /admin/authentication/user/add/ HTTP/1.1" 200 14878
INFO 2025-07-16 16:34:40,823 basehttp 73144 6144339968 "GET /static/admin/css/forms.css HTTP/1.1" 200 8525
INFO 2025-07-16 16:34:40,824 basehttp 73144 6194819072 "GET /static/admin/js/jquery.init.js HTTP/1.1" 200 347
INFO 2025-07-16 16:34:40,833 basehttp 73144 6211645440 "GET /static/admin/js/core.js HTTP/1.1" 200 6208
INFO 2025-07-16 16:34:40,834 basehttp 73144 6228471808 "GET /static/admin/js/admin/RelatedObjectLookups.js HTTP/1.1" 200 9777
INFO 2025-07-16 16:34:40,836 basehttp 73144 6144339968 "GET /static/admin/css/unusable_password_field.css HTTP/1.1" 200 663
INFO 2025-07-16 16:34:40,836 basehttp 73144 6211645440 "GET /static/admin/css/widgets.css HTTP/1.1" 200 11991
INFO 2025-07-16 16:34:40,836 basehttp 73144 6194819072 "GET /static/admin/js/actions.js HTTP/1.1" 200 8076
INFO 2025-07-16 16:34:40,839 basehttp 73144 6228471808 "GET /static/admin/js/urlify.js HTTP/1.1" 200 7887
INFO 2025-07-16 16:34:40,842 basehttp 73144 6194819072 "GET /static/admin/js/prepopulate_init.js HTTP/1.1" 200 586
INFO 2025-07-16 16:34:40,843 basehttp 73144 6144339968 "GET /static/admin/js/prepopulate.js HTTP/1.1" 200 1531
INFO 2025-07-16 16:34:40,844 basehttp 73144 6161166336 "GET /admin/jsi18n/ HTTP/1.1" 200 3342
INFO 2025-07-16 16:34:40,845 basehttp 73144 6177992704 "GET /static/admin/js/vendor/jquery/jquery.js HTTP/1.1" 200 285314
INFO 2025-07-16 16:34:40,847 basehttp 73144 6211645440 "GET /static/admin/js/vendor/xregexp/xregexp.js HTTP/1.1" 200 325171
INFO 2025-07-16 16:34:40,850 basehttp 73144 6211645440 "GET /static/admin/js/change_form.js HTTP/1.1" 200 606
INFO 2025-07-16 16:34:40,855 basehttp 73144 6211645440 "GET /static/admin/js/unusable_password_field.js HTTP/1.1" 200 1480
INFO 2025-07-16 16:35:40,260 basehttp 73144 6144339968 "POST /admin/authentication/user/add/ HTTP/1.1" 200 15177
INFO 2025-07-16 16:35:40,310 basehttp 73144 6144339968 "GET /admin/jsi18n/ HTTP/1.1" 200 3342
INFO 2025-07-16 16:36:05,246 basehttp 73144 6144339968 "POST /admin/authentication/user/add/ HTTP/1.1" 302 0
INFO 2025-07-16 16:36:05,304 basehttp 73144 6144339968 "GET /admin/authentication/user/2/change/ HTTP/1.1" 200 30615
INFO 2025-07-16 16:36:05,371 basehttp 73144 6161166336 "GET /static/admin/js/calendar.js HTTP/1.1" 200 9141
INFO 2025-07-16 16:36:05,373 basehttp 73144 6211645440 "GET /static/admin/js/SelectFilter2.js HTTP/1.1" 200 15845
INFO 2025-07-16 16:36:05,373 basehttp 73144 6194819072 "GET /static/admin/js/SelectBox.js HTTP/1.1" 200 4530
INFO 2025-07-16 16:36:05,373 basehttp 73144 6177992704 "GET /static/admin/js/admin/DateTimeShortcuts.js HTTP/1.1" 200 19319
INFO 2025-07-16 16:36:05,379 basehttp 73144 6144339968 "GET /admin/jsi18n/ HTTP/1.1" 200 3342
INFO 2025-07-16 16:36:05,405 basehttp 73144 6144339968 "GET /static/admin/img/icon-yes.svg HTTP/1.1" 200 436
INFO 2025-07-16 16:36:05,449 basehttp 73144 6144339968 "GET /static/admin/img/search.svg HTTP/1.1" 200 458
INFO 2025-07-16 16:36:05,468 basehttp 73144 6177992704 "GET /static/admin/img/selector-icons.svg HTTP/1.1" 200 3291
INFO 2025-07-16 16:36:05,486 basehttp 73144 6211645440 "GET /static/admin/img/icon-calendar.svg HTTP/1.1" 200 1086
INFO 2025-07-16 16:36:05,487 basehttp 73144 6194819072 "GET /static/admin/img/icon-clock.svg HTTP/1.1" 200 677
INFO 2025-07-16 16:36:33,367 basehttp 73144 6144339968 "GET /admin/trips/trip/add/ HTTP/1.1" 200 31079
INFO 2025-07-16 16:36:33,418 basehttp 73144 6161166336 "GET /static/admin/js/inlines.js HTTP/1.1" 200 15628
INFO 2025-07-16 16:36:33,418 basehttp 73144 6144339968 "GET /admin/jsi18n/ HTTP/1.1" 200 3342
INFO 2025-07-16 16:36:33,428 basehttp 73144 6161166336 "GET /static/admin/img/icon-viewlink.svg HTTP/1.1" 200 581
INFO 2025-07-16 16:36:33,429 basehttp 73144 6144339968 "GET /static/admin/img/icon-unknown.svg HTTP/1.1" 200 655
INFO 2025-07-16 16:37:18,661 basehttp 73144 6144339968 "POST /admin/trips/trip/add/ HTTP/1.1" 200 31418
INFO 2025-07-16 16:37:18,692 basehttp 73144 6144339968 "GET /admin/jsi18n/ HTTP/1.1" 200 3342
INFO 2025-07-16 16:37:25,579 basehttp 73144 6144339968 "POST /admin/trips/trip/add/ HTTP/1.1" 302 0
INFO 2025-07-16 16:37:25,618 basehttp 73144 6144339968 "GET /admin/trips/trip/ HTTP/1.1" 200 15438
INFO 2025-07-16 16:37:25,669 basehttp 73144 6144339968 "GET /static/admin/css/changelists.css HTTP/1.1" 200 6878
INFO 2025-07-16 16:37:25,674 basehttp 73144 6144339968 "GET /static/admin/js/filters.js HTTP/1.1" 200 978
INFO 2025-07-16 16:37:25,674 basehttp 73144 6161166336 "GET /admin/jsi18n/ HTTP/1.1" 200 3342
INFO 2025-07-16 16:37:25,690 basehttp 73144 6144339968 "GET /static/admin/img/tooltag-add.svg HTTP/1.1" 200 331
WARNING 2025-07-16 16:37:42,057 log 73144 6144339968 Unauthorized: /api/trips/
WARNING 2025-07-16 16:37:42,057 basehttp 73144 6144339968 "GET /api/trips/ HTTP/1.1" 401 172
INFO 2025-07-16 16:38:19,621 basehttp 73144 6144339968 "POST /api/auth/login/ HTTP/1.1" 200 854
INFO 2025-07-16 16:38:59,249 basehttp 73144 6144339968 "GET /api/trips/ HTTP/1.1" 200 447
INFO 2025-07-16 16:48:11,317 basehttp 73144 6161166336 "POST /api/auth/login/ HTTP/1.1" 200 854
INFO 2025-07-16 16:51:42,406 basehttp 73144 6177992704 "POST /api/auth/login/ HTTP/1.1" 200 854
WARNING 2025-07-16 16:52:09,214 log 73144 6177992704 Unauthorized: /api/trips/
WARNING 2025-07-16 16:52:09,214 basehttp 73144 6177992704 "GET /api/trips/ HTTP/1.1" 401 172
WARNING 2025-07-16 16:55:49,225 log 73144 6194819072 Bad Request: /api/auth/login/
WARNING 2025-07-16 16:55:49,226 basehttp 73144 6194819072 "POST /api/auth/login/ HTTP/1.1" 400 37
INFO 2025-07-16 16:56:11,053 basehttp 73144 6194819072 "POST /api/auth/login/ HTTP/1.1" 200 854
WARNING 2025-07-16 16:56:25,797 log 73144 6194819072 Unauthorized: /api/trips/
WARNING 2025-07-16 16:56:25,799 basehttp 73144 6194819072 "GET /api/trips/ HTTP/1.1" 401 172
WARNING 2025-07-16 16:56:39,492 log 73144 6194819072 Unauthorized: /api/auth/me/
WARNING 2025-07-16 16:56:39,493 basehttp 73144 6194819072 "GET /api/auth/me/ HTTP/1.1" 401 172
WARNING 2025-07-16 17:02:38,466 log 73144 6211645440 Bad Request: /api/auth/login/
WARNING 2025-07-16 17:02:38,467 basehttp 73144 6211645440 "POST /api/auth/login/ HTTP/1.1" 400 42
INFO 2025-07-16 17:02:51,133 basehttp 73144 6211645440 "POST /api/auth/login/ HTTP/1.1" 200 854
WARNING 2025-07-16 17:03:00,011 log 73144 6211645440 Unauthorized: /api/trips/
WARNING 2025-07-16 17:03:00,012 basehttp 73144 6211645440 "GET /api/trips/ HTTP/1.1" 401 172
INFO 2025-07-16 17:04:09,028 basehttp 73144 6228471808 "GET /api/trips/ HTTP/1.1" 200 447
INFO 2025-07-16 17:04:25,928 basehttp 73144 6228471808 "GET /api/trips/1/ HTTP/1.1" 200 466
ERROR 2025-07-16 17:06:50,260 log 73144 6245298176 Internal Server Error: /api/places/search/
ERROR 2025-07-16 17:06:50,261 basehttp 73144 6245298176 "GET /api/places/search/?q=restaurants%20in%20san%20francisco HTTP/1.1" 500 70
INFO 2025-07-16 17:07:21,464 basehttp 73144 6245298176 "GET /api/weather/current/?lat=37.7749&lng=-122.4194 HTTP/1.1" 200 186
INFO 2025-07-16 17:07:30,721 basehttp 73144 6245298176 "GET /api/weather/forecast/?stops=[{%22latitude%22:%2037.7749,%20%22longitude%22:%20-122.4194},%20{%22latitude%22:%2037.8199,%20%22longitude%22:%20-122.4783}] HTTP/1.1" 200 16
ERROR 2025-07-16 17:07:39,199 log 73144 6245298176 Internal Server Error: /api/recommendations/
ERROR 2025-07-16 17:07:39,199 basehttp 73144 6245298176 "GET /api/recommendations/?lat=37.7749&lng=-122.4194 HTTP/1.1" 500 70
INFO 2025-07-16 17:11:15,200 autoreload 73144 8797069056 /Users/braddr/Documents/Code/Personal Projects/roadTrip_planner/backend/apps/places/views.py changed, reloading.
INFO 2025-07-16 17:11:16,518 autoreload 84376 8797069056 Watching for file changes with StatReloader
INFO 2025-07-16 17:12:55,411 autoreload 84376 8797069056 /Users/braddr/Documents/Code/Personal Projects/roadTrip_planner/backend/apps/places/views.py changed, reloading.
INFO 2025-07-16 17:12:57,007 autoreload 84782 8797069056 Watching for file changes with StatReloader
INFO 2025-07-16 17:14:28,239 autoreload 84782 8797069056 /Users/braddr/Documents/Code/Personal Projects/roadTrip_planner/backend/apps/places/views.py changed, reloading.
INFO 2025-07-16 17:14:29,526 autoreload 85009 8797069056 Watching for file changes with StatReloader
INFO 2025-07-16 17:15:55,159 autoreload 85009 8797069056 /Users/braddr/Documents/Code/Personal Projects/roadTrip_planner/backend/apps/places/views.py changed, reloading.
INFO 2025-07-16 17:15:56,163 autoreload 85300 8797069056 Watching for file changes with StatReloader
INFO 2025-07-16 17:17:12,997 autoreload 85300 8797069056 /Users/braddr/Documents/Code/Personal Projects/roadTrip_planner/backend/apps/recommendations/views.py changed, reloading.
INFO 2025-07-16 17:17:14,495 autoreload 85484 8797069056 Watching for file changes with StatReloader
WARNING 2025-07-16 17:31:56,628 views 85484 6132133888 Google Places API failed: Error 61 connecting to 127.0.0.1:6379. Connection refused.
INFO 2025-07-16 17:31:56,630 basehttp 85484 6132133888 "GET /api/places/search/?q=restaurants%20in%20san%20francisco HTTP/1.1" 200 950
INFO 2025-07-16 17:46:06,579 autoreload 92226 8797069056 Watching for file changes with StatReloader
WARNING 2025-07-16 17:46:06,768 google_places 92226 8797069056 Google Maps API key not configured
WARNING 2025-07-16 18:00:20,939 log 92226 6197964800 Unauthorized: /api/weather/current/
WARNING 2025-07-16 18:00:20,940 log 92226 6214791168 Unauthorized: /api/recommendations/
WARNING 2025-07-16 18:00:20,942 basehttp 92226 6197964800 "GET /api/weather/current/?lat=40.7128&lng=-74.006 HTTP/1.1" 401 58
WARNING 2025-07-16 18:00:20,943 basehttp 92226 6214791168 "GET /api/recommendations/?lat=40.7128&lng=-74.006 HTTP/1.1" 401 58
WARNING 2025-07-16 18:01:22,038 log 92226 6197964800 Unauthorized: /api/weather/current/
WARNING 2025-07-16 18:01:22,040 log 92226 6214791168 Unauthorized: /api/recommendations/
WARNING 2025-07-16 18:01:22,041 basehttp 92226 6197964800 "GET /api/weather/current/?lat=40.7128&lng=-74.006 HTTP/1.1" 401 58
WARNING 2025-07-16 18:01:22,042 basehttp 92226 6214791168 "GET /api/recommendations/?lat=40.7128&lng=-74.006 HTTP/1.1" 401 58
WARNING 2025-07-16 18:01:22,043 log 92226 6197964800 Unauthorized: /api/weather/current/
WARNING 2025-07-16 18:01:22,046 log 92226 6231617536 Unauthorized: /api/recommendations/
WARNING 2025-07-16 18:01:22,047 basehttp 92226 6231617536 "GET /api/recommendations/?lat=40.7128&lng=-74.006 HTTP/1.1" 401 58
WARNING 2025-07-16 18:01:22,050 basehttp 92226 6197964800 "GET /api/weather/current/?lat=40.7128&lng=-74.006 HTTP/1.1" 401 58
WARNING 2025-07-16 18:01:55,628 log 92226 6197964800 Unauthorized: /api/weather/current/
WARNING 2025-07-16 18:01:55,630 log 92226 6214791168 Unauthorized: /api/recommendations/
WARNING 2025-07-16 18:01:55,631 basehttp 92226 6197964800 "GET /api/weather/current/?lat=40.7128&lng=-74.006 HTTP/1.1" 401 58
WARNING 2025-07-16 18:01:55,632 basehttp 92226 6214791168 "GET /api/recommendations/?lat=40.7128&lng=-74.006 HTTP/1.1" 401 58
WARNING 2025-07-16 18:01:55,636 log 92226 6231617536 Unauthorized: /api/recommendations/
WARNING 2025-07-16 18:01:55,640 log 92226 6197964800 Unauthorized: /api/weather/current/
WARNING 2025-07-16 18:01:55,642 basehttp 92226 6231617536 "GET /api/recommendations/?lat=40.7128&lng=-74.006 HTTP/1.1" 401 58
WARNING 2025-07-16 18:01:55,643 basehttp 92226 6197964800 "GET /api/weather/current/?lat=40.7128&lng=-74.006 HTTP/1.1" 401 58
WARNING 2025-07-16 18:02:13,657 log 92226 6197964800 Unauthorized: /api/weather/current/
WARNING 2025-07-16 18:02:13,658 log 92226 6214791168 Unauthorized: /api/recommendations/
WARNING 2025-07-16 18:02:13,664 basehttp 92226 6214791168 "GET /api/recommendations/?lat=40.7128&lng=-74.006 HTTP/1.1" 401 58
WARNING 2025-07-16 18:02:13,663 basehttp 92226 6197964800 "GET /api/weather/current/?lat=40.7128&lng=-74.006 HTTP/1.1" 401 58
WARNING 2025-07-16 18:02:13,668 log 92226 6197964800 Unauthorized: /api/recommendations/
WARNING 2025-07-16 18:02:13,664 log 92226 6231617536 Unauthorized: /api/weather/current/
WARNING 2025-07-16 18:02:13,672 basehttp 92226 6197964800 "GET /api/recommendations/?lat=40.7128&lng=-74.006 HTTP/1.1" 401 58
WARNING 2025-07-16 18:02:13,673 basehttp 92226 6231617536 "GET /api/weather/current/?lat=40.7128&lng=-74.006 HTTP/1.1" 401 58
WARNING 2025-07-16 18:02:50,283 log 92226 6197964800 Unauthorized: /api/weather/current/
WARNING 2025-07-16 18:02:50,285 log 92226 6214791168 Unauthorized: /api/recommendations/
WARNING 2025-07-16 18:02:50,285 basehttp 92226 6197964800 "GET /api/weather/current/?lat=40.7128&lng=-74.006 HTTP/1.1" 401 58
WARNING 2025-07-16 18:02:50,290 log 92226 6197964800 Unauthorized: /api/weather/current/
WARNING 2025-07-16 18:02:50,291 log 92226 6231617536 Unauthorized: /api/recommendations/
WARNING 2025-07-16 18:02:50,291 basehttp 92226 6214791168 "GET /api/recommendations/?lat=40.7128&lng=-74.006 HTTP/1.1" 401 58
WARNING 2025-07-16 18:02:50,293 basehttp 92226 6197964800 "GET /api/weather/current/?lat=40.7128&lng=-74.006 HTTP/1.1" 401 58
WARNING 2025-07-16 18:02:50,292 basehttp 92226 6231617536 "GET /api/recommendations/?lat=40.7128&lng=-74.006 HTTP/1.1" 401 58
INFO 2025-07-16 18:04:28,515 basehttp 92226 6197964800 "OPTIONS /api/auth/login/ HTTP/1.1" 200 0
INFO 2025-07-16 18:04:29,018 basehttp 92226 6197964800 "POST /api/auth/login/ HTTP/1.1" 200 854
INFO 2025-07-16 18:04:29,088 basehttp 92226 6197964800 "GET /api/weather/current/?lat=40.7128&lng=-74.006 HTTP/1.1" 200 191
ERROR 2025-07-16 18:04:29,089 google_places 92226 6214791168 Google Places API key not configured
ERROR 2025-07-16 18:04:29,089 google_places 92226 6214791168 Google Places API key not configured
ERROR 2025-07-16 18:04:29,090 google_places 92226 6214791168 Google Places API key not configured
INFO 2025-07-16 18:04:29,095 basehttp 92226 6214791168 "GET /api/recommendations/?lat=40.7128&lng=-74.006 HTTP/1.1" 200 55
INFO 2025-07-16 18:04:29,105 basehttp 92226 6197964800 "GET /api/weather/current/?lat=40.7128&lng=-74.006 HTTP/1.1" 200 184
ERROR 2025-07-16 18:04:29,108 google_places 92226 6231617536 Google Places API key not configured
ERROR 2025-07-16 18:04:29,108 google_places 92226 6231617536 Google Places API key not configured
ERROR 2025-07-16 18:04:29,108 google_places 92226 6231617536 Google Places API key not configured
INFO 2025-07-16 18:04:29,109 basehttp 92226 6231617536 "GET /api/recommendations/?lat=40.7128&lng=-74.006 HTTP/1.1" 200 55
INFO 2025-07-16 18:04:46,368 basehttp 92226 6197964800 "OPTIONS /api/places/search/?q=Nairobi HTTP/1.1" 200 0
ERROR 2025-07-16 18:04:46,373 google_places 92226 6197964800 Google Places API key not configured
INFO 2025-07-16 18:04:46,375 basehttp 92226 6197964800 "GET /api/places/search/?q=Nairobi HTTP/1.1" 200 825
ERROR 2025-07-16 18:06:18,962 google_places 92226 6214791168 Google Places API key not configured
ERROR 2025-07-16 18:06:18,963 google_places 92226 6214791168 Google Places API key not configured
ERROR 2025-07-16 18:06:18,963 google_places 92226 6214791168 Google Places API key not configured
INFO 2025-07-16 18:06:18,965 basehttp 92226 6214791168 "GET /api/recommendations/?lat=40.7128&lng=-74.006 HTTP/1.1" 200 55
INFO 2025-07-16 18:06:18,976 basehttp 92226 6197964800 "GET /api/weather/current/?lat=40.7128&lng=-74.006 HTTP/1.1" 200 190
INFO 2025-07-16 18:06:39,136 basehttp 92226 6197964800 "GET /api/weather/current/?lat=40.7128&lng=-74.006 HTTP/1.1" 200 183
ERROR 2025-07-16 18:06:39,137 google_places 92226 6214791168 Google Places API key not configured
ERROR 2025-07-16 18:06:39,137 google_places 92226 6214791168 Google Places API key not configured
ERROR 2025-07-16 18:06:39,138 google_places 92226 6214791168 Google Places API key not configured
INFO 2025-07-16 18:06:39,139 basehttp 92226 6214791168 "GET /api/recommendations/?lat=40.7128&lng=-74.006 HTTP/1.1" 200 55
INFO 2025-07-16 18:06:39,144 basehttp 92226 6197964800 "GET /api/weather/current/?lat=40.7128&lng=-74.006 HTTP/1.1" 200 191
ERROR 2025-07-16 18:06:39,145 google_places 92226 6231617536 Google Places API key not configured
ERROR 2025-07-16 18:06:39,145 google_places 92226 6231617536 Google Places API key not configured
ERROR 2025-07-16 18:06:39,145 google_places 92226 6231617536 Google Places API key not configured
INFO 2025-07-16 18:06:39,146 basehttp 92226 6231617536 "GET /api/recommendations/?lat=40.7128&lng=-74.006 HTTP/1.1" 200 55
INFO 2025-07-16 18:07:45,584 basehttp 92226 6197964800 "GET /api/weather/current/?lat=40.7128&lng=-74.006 HTTP/1.1" 200 184
ERROR 2025-07-16 18:07:45,588 google_places 92226 6214791168 Google Places API key not configured
ERROR 2025-07-16 18:07:45,594 google_places 92226 6214791168 Google Places API key not configured
ERROR 2025-07-16 18:07:45,595 google_places 92226 6214791168 Google Places API key not configured
INFO 2025-07-16 18:07:45,598 basehttp 92226 6214791168 "GET /api/recommendations/?lat=40.7128&lng=-74.006 HTTP/1.1" 200 55
INFO 2025-07-16 18:07:45,605 basehttp 92226 6197964800 "GET /api/weather/current/?lat=40.7128&lng=-74.006 HTTP/1.1" 200 186
ERROR 2025-07-16 18:07:45,638 google_places 92226 6231617536 Google Places API key not configured
ERROR 2025-07-16 18:07:45,639 google_places 92226 6231617536 Google Places API key not configured
ERROR 2025-07-16 18:07:45,639 google_places 92226 6231617536 Google Places API key not configured
INFO 2025-07-16 18:07:45,640 basehttp 92226 6231617536 "GET /api/recommendations/?lat=40.7128&lng=-74.006 HTTP/1.1" 200 55
INFO 2025-07-16 18:08:53,160 basehttp 92226 6197964800 "GET /api/weather/current/?lat=40.7128&lng=-74.006 HTTP/1.1" 200 184
ERROR 2025-07-16 18:08:53,162 google_places 92226 6214791168 Google Places API key not configured
ERROR 2025-07-16 18:08:53,165 google_places 92226 6214791168 Google Places API key not configured
ERROR 2025-07-16 18:08:53,165 google_places 92226 6214791168 Google Places API key not configured
INFO 2025-07-16 18:08:53,166 basehttp 92226 6214791168 "GET /api/recommendations/?lat=40.7128&lng=-74.006 HTTP/1.1" 200 55
INFO 2025-07-16 18:09:03,605 basehttp 92226 6197964800 "OPTIONS /api/auth/logout/ HTTP/1.1" 200 0
WARNING 2025-07-16 18:09:03,614 log 92226 6197964800 Bad Request: /api/auth/logout/
WARNING 2025-07-16 18:09:03,615 basehttp 92226 6197964800 "POST /api/auth/logout/ HTTP/1.1" 400 26
INFO 2025-07-16 18:09:08,631 basehttp 92226 6197964800 "POST /api/auth/login/ HTTP/1.1" 200 854
ERROR 2025-07-16 18:09:08,702 google_places 92226 6214791168 Google Places API key not configured
ERROR 2025-07-16 18:09:08,702 google_places 92226 6214791168 Google Places API key not configured
ERROR 2025-07-16 18:09:08,702 google_places 92226 6214791168 Google Places API key not configured
INFO 2025-07-16 18:09:08,703 basehttp 92226 6214791168 "GET /api/recommendations/?lat=40.7128&lng=-74.006 HTTP/1.1" 200 55
INFO 2025-07-16 18:09:08,707 basehttp 92226 6197964800 "GET /api/weather/current/?lat=40.7128&lng=-74.006 HTTP/1.1" 200 191
ERROR 2025-07-16 18:09:08,711 google_places 92226 6214791168 Google Places API key not configured
ERROR 2025-07-16 18:09:08,711 google_places 92226 6214791168 Google Places API key not configured
ERROR 2025-07-16 18:09:08,711 google_places 92226 6214791168 Google Places API key not configured
INFO 2025-07-16 18:09:08,712 basehttp 92226 6214791168 "GET /api/recommendations/?lat=40.7128&lng=-74.006 HTTP/1.1" 200 55
INFO 2025-07-16 18:09:08,716 basehttp 92226 6231617536 "GET /api/weather/current/?lat=40.7128&lng=-74.006 HTTP/1.1" 200 183
WARNING 2025-07-16 18:09:53,852 log 92226 6197964800 Bad Request: /api/auth/logout/
WARNING 2025-07-16 18:09:53,853 basehttp 92226 6197964800 "POST /api/auth/logout/ HTTP/1.1" 400 26
INFO 2025-07-16 18:10:48,060 basehttp 92226 6197964800 "OPTIONS /api/auth/register/ HTTP/1.1" 200 0
INFO 2025-07-16 18:10:48,508 basehttp 92226 6197964800 "POST /api/auth/register/ HTTP/1.1" 201 858
ERROR 2025-07-16 18:10:48,581 google_places 92226 6214791168 Google Places API key not configured
ERROR 2025-07-16 18:10:48,582 google_places 92226 6214791168 Google Places API key not configured
INFO 2025-07-16 18:10:48,583 basehttp 92226 6197964800 "GET /api/weather/current/?lat=40.7128&lng=-74.006 HTTP/1.1" 200 185
ERROR 2025-07-16 18:10:48,584 google_places 92226 6214791168 Google Places API key not configured
INFO 2025-07-16 18:10:48,589 basehttp 92226 6214791168 "GET /api/recommendations/?lat=40.7128&lng=-74.006 HTTP/1.1" 200 55
ERROR 2025-07-16 18:10:48,615 google_places 92226 6231617536 Google Places API key not configured
ERROR 2025-07-16 18:10:48,615 google_places 92226 6231617536 Google Places API key not configured
ERROR 2025-07-16 18:10:48,616 google_places 92226 6231617536 Google Places API key not configured
INFO 2025-07-16 18:10:48,616 basehttp 92226 6231617536 "GET /api/recommendations/?lat=40.7128&lng=-74.006 HTTP/1.1" 200 55
INFO 2025-07-16 18:10:48,618 basehttp 92226 6197964800 "GET /api/weather/current/?lat=40.7128&lng=-74.006 HTTP/1.1" 200 184
WARNING 2025-07-16 18:11:33,271 log 92226 6197964800 Bad Request: /api/auth/logout/
WARNING 2025-07-16 18:11:33,272 basehttp 92226 6197964800 "POST /api/auth/logout/ HTTP/1.1" 400 26
INFO 2025-07-16 18:11:41,846 basehttp 92226 6197964800 "POST /api/auth/login/ HTTP/1.1" 200 858
ERROR 2025-07-16 18:11:41,916 google_places 92226 6214791168 Google Places API key not configured
ERROR 2025-07-16 18:11:41,916 google_places 92226 6214791168 Google Places API key not configured
ERROR 2025-07-16 18:11:41,917 google_places 92226 6214791168 Google Places API key not configured
INFO 2025-07-16 18:11:41,918 basehttp 92226 6214791168 "GET /api/recommendations/?lat=40.7128&lng=-74.006 HTTP/1.1" 200 55
INFO 2025-07-16 18:11:41,922 basehttp 92226 6197964800 "GET /api/weather/current/?lat=40.7128&lng=-74.006 HTTP/1.1" 200 191
INFO 2025-07-16 18:11:41,927 basehttp 92226 6231617536 "GET /api/weather/current/?lat=40.7128&lng=-74.006 HTTP/1.1" 200 182
ERROR 2025-07-16 18:11:41,929 google_places 92226 6214791168 Google Places API key not configured
ERROR 2025-07-16 18:11:41,929 google_places 92226 6214791168 Google Places API key not configured
ERROR 2025-07-16 18:11:41,929 google_places 92226 6214791168 Google Places API key not configured
INFO 2025-07-16 18:11:41,936 basehttp 92226 6214791168 "GET /api/recommendations/?lat=40.7128&lng=-74.006 HTTP/1.1" 200 55
INFO 2025-07-16 18:12:05,941 basehttp 92226 6197964800 "GET /api/weather/current/?lat=40.7128&lng=-74.006 HTTP/1.1" 200 190
ERROR 2025-07-16 18:12:05,942 google_places 92226 6214791168 Google Places API key not configured
ERROR 2025-07-16 18:12:05,943 google_places 92226 6214791168 Google Places API key not configured
ERROR 2025-07-16 18:12:05,943 google_places 92226 6214791168 Google Places API key not configured
INFO 2025-07-16 18:12:05,944 basehttp 92226 6214791168 "GET /api/recommendations/?lat=40.7128&lng=-74.006 HTTP/1.1" 200 55
ERROR 2025-07-16 18:12:37,826 google_places 92226 6214791168 Google Places API key not configured
INFO 2025-07-16 18:12:37,827 basehttp 92226 6197964800 "GET /api/weather/current/?lat=40.7128&lng=-74.006 HTTP/1.1" 200 186
ERROR 2025-07-16 18:12:37,827 google_places 92226 6214791168 Google Places API key not configured
ERROR 2025-07-16 18:12:37,831 google_places 92226 6214791168 Google Places API key not configured
INFO 2025-07-16 18:12:37,837 basehttp 92226 6214791168 "GET /api/recommendations/?lat=40.7128&lng=-74.006 HTTP/1.1" 200 55
INFO 2025-07-16 18:12:37,868 basehttp 92226 6197964800 "GET /api/weather/current/?lat=40.7128&lng=-74.006 HTTP/1.1" 200 185
ERROR 2025-07-16 18:12:37,868 google_places 92226 6214791168 Google Places API key not configured
ERROR 2025-07-16 18:12:37,868 google_places 92226 6214791168 Google Places API key not configured
ERROR 2025-07-16 18:12:37,868 google_places 92226 6214791168 Google Places API key not configured
INFO 2025-07-16 18:12:37,869 basehttp 92226 6214791168 "GET /api/recommendations/?lat=40.7128&lng=-74.006 HTTP/1.1" 200 55
INFO 2025-07-16 18:12:48,070 basehttp 92226 6197964800 "OPTIONS /api/places/search/?q=nnd HTTP/1.1" 200 0
ERROR 2025-07-16 18:12:48,075 google_places 92226 6197964800 Google Places API key not configured
INFO 2025-07-16 18:12:48,075 basehttp 92226 6197964800 "GET /api/places/search/?q=nnd HTTP/1.1" 200 803
INFO 2025-07-16 18:14:04,610 basehttp 92226 6197964800 "OPTIONS /api/auth/me/ HTTP/1.1" 200 0
INFO 2025-07-16 18:14:04,786 basehttp 92226 6214791168 "OPTIONS /api/auth/me/ HTTP/1.1" 200 0
INFO 2025-07-16 18:14:04,800 basehttp 92226 6197964800 "GET /api/auth/me/ HTTP/1.1" 200 356
INFO 2025-07-16 18:14:04,809 basehttp 92226 6214791168 "GET /api/auth/me/ HTTP/1.1" 200 356
INFO 2025-07-16 18:14:17,603 basehttp 92226 6197964800 "GET /api/auth/me/ HTTP/1.1" 200 356
INFO 2025-07-16 18:14:17,608 basehttp 92226 6197964800 "GET /api/auth/me/ HTTP/1.1" 200 356
INFO 2025-07-16 18:17:12,482 basehttp 92226 6197964800 "GET /api/auth/me/ HTTP/1.1" 200 356
INFO 2025-07-16 18:17:12,489 basehttp 92226 6197964800 "GET /api/auth/me/ HTTP/1.1" 200 356
INFO 2025-07-16 18:22:41,279 basehttp 92226 6197964800 "OPTIONS /api/trips/ HTTP/1.1" 200 0
INFO 2025-07-16 18:22:41,297 basehttp 92226 6214791168 "OPTIONS /api/trips/ HTTP/1.1" 200 0
INFO 2025-07-16 18:22:41,406 basehttp 92226 6197964800 "GET /api/trips/ HTTP/1.1" 200 52
INFO 2025-07-16 18:22:41,431 basehttp 92226 6214791168 "GET /api/trips/ HTTP/1.1" 200 52
INFO 2025-07-16 18:24:57,444 basehttp 92226 6197964800 "GET /api/auth/me/ HTTP/1.1" 200 356
INFO 2025-07-16 18:24:57,450 basehttp 92226 6214791168 "GET /api/auth/me/ HTTP/1.1" 200 356
INFO 2025-07-16 18:25:00,710 basehttp 92226 6214791168 "POST /api/auth/login/ HTTP/1.1" 200 858
INFO 2025-07-16 18:25:00,783 basehttp 92226 6214791168 "GET /api/trips/ HTTP/1.1" 200 52
INFO 2025-07-16 18:25:00,797 basehttp 92226 6197964800 "GET /api/trips/ HTTP/1.1" 200 52
INFO 2025-07-16 18:25:13,850 basehttp 92226 6197964800 "GET /api/trips/ HTTP/1.1" 200 52
INFO 2025-07-16 18:25:13,855 basehttp 92226 6197964800 "GET /api/trips/ HTTP/1.1" 200 52
INFO 2025-07-16 18:25:20,488 basehttp 92226 6197964800 "GET /api/trips/ HTTP/1.1" 200 52
INFO 2025-07-16 18:25:20,497 basehttp 92226 6197964800 "GET /api/trips/ HTTP/1.1" 200 52
INFO 2025-07-16 18:28:32,404 basehttp 92226 6197964800 "GET /api/trips/ HTTP/1.1" 200 52
INFO 2025-07-16 18:28:32,415 basehttp 92226 6197964800 "GET /api/trips/ HTTP/1.1" 200 52
INFO 2025-07-16 18:28:41,446 basehttp 92226 6197964800 "GET /api/auth/me/ HTTP/1.1" 200 356
INFO 2025-07-16 18:28:41,450 basehttp 92226 6197964800 "GET /api/auth/me/ HTTP/1.1" 200 356
INFO 2025-07-16 18:28:41,567 basehttp 92226 6197964800 "GET /api/trips/ HTTP/1.1" 200 52
INFO 2025-07-16 18:28:41,579 basehttp 92226 6214791168 "GET /api/trips/ HTTP/1.1" 200 52
INFO 2025-07-16 18:34:33,369 basehttp 92226 6197964800 "GET /api/trips/ HTTP/1.1" 200 52
INFO 2025-07-16 18:35:29,634 basehttp 92226 6197964800 "GET /api/auth/me/ HTTP/1.1" 200 356
INFO 2025-07-16 18:35:29,640 basehttp 92226 6197964800 "GET /api/auth/me/ HTTP/1.1" 200 356
INFO 2025-07-16 18:35:29,775 basehttp 92226 6197964800 "GET /api/trips/ HTTP/1.1" 200 52
INFO 2025-07-16 18:35:29,792 basehttp 92226 6214791168 "GET /api/trips/ HTTP/1.1" 200 52
INFO 2025-07-16 18:35:41,648 basehttp 92226 6197964800 "GET /api/auth/me/ HTTP/1.1" 200 356
INFO 2025-07-16 18:35:41,652 basehttp 92226 6197964800 "GET /api/auth/me/ HTTP/1.1" 200 356
INFO 2025-07-16 18:35:41,842 basehttp 92226 6197964800 "GET /api/trips/ HTTP/1.1" 200 52
INFO 2025-07-16 18:35:41,879 basehttp 92226 6214791168 "GET /api/trips/ HTTP/1.1" 200 52
INFO 2025-07-16 18:35:59,263 basehttp 92226 6197964800 "POST /api/trips/ HTTP/1.1" 201 197
INFO 2025-07-16 18:36:25,550 basehttp 92226 6197964800 "GET /api/auth/me/ HTTP/1.1" 200 356
INFO 2025-07-16 18:36:25,559 basehttp 92226 6197964800 "GET /api/auth/me/ HTTP/1.1" 200 356
INFO 2025-07-16 18:36:25,668 basehttp 92226 6197964800 "GET /api/trips/ HTTP/1.1" 200 415
INFO 2025-07-16 18:36:25,687 basehttp 92226 6214791168 "GET /api/trips/ HTTP/1.1" 200 415
INFO 2025-07-16 18:36:27,292 basehttp 92226 6214791168 "GET /api/auth/me/ HTTP/1.1" 200 356
INFO 2025-07-16 18:36:27,303 basehttp 92226 6197964800 "GET /api/auth/me/ HTTP/1.1" 200 356
INFO 2025-07-16 18:36:27,360 basehttp 92226 6197964800 "GET /api/trips/ HTTP/1.1" 200 415
INFO 2025-07-16 18:36:27,378 basehttp 92226 6214791168 "GET /api/trips/ HTTP/1.1" 200 415
INFO 2025-07-16 18:36:28,105 basehttp 92226 6214791168 "GET /api/auth/me/ HTTP/1.1" 200 356
INFO 2025-07-16 18:36:28,112 basehttp 92226 6197964800 "GET /api/auth/me/ HTTP/1.1" 200 356
INFO 2025-07-16 18:36:28,164 basehttp 92226 6197964800 "GET /api/trips/ HTTP/1.1" 200 415
INFO 2025-07-16 18:36:28,179 basehttp 92226 6214791168 "GET /api/trips/ HTTP/1.1" 200 415
INFO 2025-07-16 18:36:28,856 basehttp 92226 6214791168 "GET /api/auth/me/ HTTP/1.1" 200 356
INFO 2025-07-16 18:36:28,872 basehttp 92226 6197964800 "GET /api/auth/me/ HTTP/1.1" 200 356
INFO 2025-07-16 18:36:28,925 basehttp 92226 6197964800 "GET /api/trips/ HTTP/1.1" 200 415
INFO 2025-07-16 18:36:28,936 basehttp 92226 6214791168 "GET /api/trips/ HTTP/1.1" 200 415
INFO 2025-07-16 18:36:29,561 basehttp 92226 6214791168 "GET /api/auth/me/ HTTP/1.1" 200 356
INFO 2025-07-16 18:36:29,581 basehttp 92226 6197964800 "GET /api/auth/me/ HTTP/1.1" 200 356
INFO 2025-07-16 18:36:29,637 basehttp 92226 6197964800 "GET /api/trips/ HTTP/1.1" 200 415
INFO 2025-07-16 18:36:29,645 basehttp 92226 6214791168 "GET /api/trips/ HTTP/1.1" 200 415
INFO 2025-07-16 18:38:01,488 basehttp 92226 6197964800 "GET /api/auth/me/ HTTP/1.1" 200 356
INFO 2025-07-16 18:38:01,524 basehttp 92226 6197964800 "GET /api/auth/me/ HTTP/1.1" 200 356
INFO 2025-07-16 18:38:08,030 basehttp 92226 6197964800 "GET /api/trips/ HTTP/1.1" 200 415
INFO 2025-07-16 18:38:08,048 basehttp 92226 6197964800 "GET /api/trips/ HTTP/1.1" 200 415
INFO 2025-07-16 18:41:31,241 basehttp 92226 6197964800 "GET /api/auth/me/ HTTP/1.1" 200 356
INFO 2025-07-16 18:41:31,283 basehttp 92226 6214791168 "GET /api/auth/me/ HTTP/1.1" 200 356
INFO 2025-07-16 18:41:31,424 basehttp 92226 6214791168 "GET /api/trips/ HTTP/1.1" 200 415
INFO 2025-07-16 18:41:31,462 basehttp 92226 6197964800 "GET /api/trips/ HTTP/1.1" 200 415
INFO 2025-07-16 18:41:39,135 basehttp 92226 6197964800 "GET /api/auth/me/ HTTP/1.1" 200 356
INFO 2025-07-16 18:41:39,152 basehttp 92226 6197964800 "GET /api/auth/me/ HTTP/1.1" 200 356
INFO 2025-07-16 18:41:39,336 basehttp 92226 6197964800 "GET /api/trips/ HTTP/1.1" 200 415
INFO 2025-07-16 18:41:39,361 basehttp 92226 6214791168 "GET /api/trips/ HTTP/1.1" 200 415
INFO 2025-07-16 18:41:59,507 basehttp 92226 6197964800 "GET /api/auth/me/ HTTP/1.1" 200 356
INFO 2025-07-16 18:41:59,550 basehttp 92226 6214791168 "GET /api/auth/me/ HTTP/1.1" 200 356
INFO 2025-07-16 18:41:59,679 basehttp 92226 6214791168 "GET /api/trips/ HTTP/1.1" 200 415
INFO 2025-07-16 18:41:59,718 basehttp 92226 6197964800 "GET /api/trips/ HTTP/1.1" 200 415
INFO 2025-07-16 18:42:05,503 basehttp 92226 6197964800 "GET /api/auth/me/ HTTP/1.1" 200 356
INFO 2025-07-16 18:42:05,507 basehttp 92226 6197964800 "GET /api/auth/me/ HTTP/1.1" 200 356
INFO 2025-07-16 18:42:05,642 basehttp 92226 6197964800 "GET /api/trips/ HTTP/1.1" 200 415
INFO 2025-07-16 18:42:05,670 basehttp 92226 6214791168 "GET /api/trips/ HTTP/1.1" 200 415
INFO 2025-07-16 18:42:30,191 basehttp 92226 6197964800 "POST /api/trips/ HTTP/1.1" 201 199
INFO 2025-07-16 18:42:37,980 basehttp 92226 6197964800 "GET /api/trips/ HTTP/1.1" 200 781
INFO 2025-07-16 18:43:06,780 basehttp 92226 6197964800 "GET /api/auth/me/ HTTP/1.1" 200 356
INFO 2025-07-16 18:43:06,805 basehttp 92226 6197964800 "GET /api/auth/me/ HTTP/1.1" 200 356
INFO 2025-07-16 18:43:06,905 basehttp 92226 6197964800 "GET /api/trips/ HTTP/1.1" 200 781
INFO 2025-07-16 18:43:06,937 basehttp 92226 6214791168 "GET /api/trips/ HTTP/1.1" 200 781
INFO 2025-07-16 18:43:52,771 basehttp 92226 6197964800 "GET /api/trips/ HTTP/1.1" 200 781
INFO 2025-07-16 18:43:59,207 basehttp 92226 6197964800 "GET /api/auth/me/ HTTP/1.1" 200 356
INFO 2025-07-16 18:43:59,226 basehttp 92226 6214791168 "GET /api/auth/me/ HTTP/1.1" 200 356
INFO 2025-07-16 18:43:59,344 basehttp 92226 6214791168 "GET /api/trips/ HTTP/1.1" 200 781
INFO 2025-07-16 18:43:59,359 basehttp 92226 6197964800 "GET /api/trips/ HTTP/1.1" 200 781
INFO 2025-07-16 18:44:10,145 basehttp 92226 6197964800 "POST /api/trips/ HTTP/1.1" 201 179
INFO 2025-07-16 18:46:05,938 basehttp 92226 6197964800 "GET /api/auth/me/ HTTP/1.1" 200 356
INFO 2025-07-16 18:46:05,948 basehttp 92226 6197964800 "GET /api/auth/me/ HTTP/1.1" 200 356
INFO 2025-07-16 18:46:06,082 basehttp 92226 6197964800 "GET /api/trips/ HTTP/1.1" 200 1127
INFO 2025-07-16 18:46:06,229 basehttp 92226 6197964800 "GET /api/trips/ HTTP/1.1" 200 1127
INFO 2025-07-16 18:47:03,984 basehttp 92226 6197964800 "POST /api/trips/ HTTP/1.1" 201 178
INFO 2025-07-16 18:48:34,302 basehttp 92226 6197964800 "GET /api/trips/ HTTP/1.1" 200 1472
WARNING 2025-07-16 18:48:52,614 log 92226 6197964800 Unauthorized: /api/trips/
WARNING 2025-07-16 18:48:52,615 basehttp 92226 6197964800 "POST /api/trips/ HTTP/1.1" 401 172
INFO 2025-07-16 18:49:15,297 basehttp 92226 6197964800 "POST /api/auth/login/ HTTP/1.1" 200 854
WARNING 2025-07-16 18:49:23,804 log 92226 6197964800 Unauthorized: /api/trips/
WARNING 2025-07-16 18:49:23,804 basehttp 92226 6197964800 "POST /api/trips/ HTTP/1.1" 401 172
INFO 2025-07-16 18:49:27,238 basehttp 92226 6214791168 "GET /api/trips/ HTTP/1.1" 200 1472
INFO 2025-07-16 18:50:09,253 basehttp 92226 6214791168 "GET /api/trips/ HTTP/1.1" 200 1472
INFO 2025-07-16 18:50:11,871 basehttp 92226 6197964800 "POST /api/trips/ HTTP/1.1" 201 213
INFO 2025-07-16 18:51:22,247 basehttp 92226 6214791168 "GET /api/trips/ HTTP/1.1" 200 1472
INFO 2025-07-16 18:51:32,502 basehttp 92226 6214791168 "GET /api/auth/me/ HTTP/1.1" 200 356
INFO 2025-07-16 18:51:32,509 basehttp 92226 6214791168 "GET /api/auth/me/ HTTP/1.1" 200 356
INFO 2025-07-16 18:51:32,643 basehttp 92226 6214791168 "GET /api/trips/ HTTP/1.1" 200 1472
INFO 2025-07-16 18:51:32,684 basehttp 92226 6231617536 "GET /api/trips/ HTTP/1.1" 200 1472
INFO 2025-07-16 18:51:41,354 basehttp 92226 6214791168 "POST /api/trips/ HTTP/1.1" 201 168
INFO 2025-07-16 18:52:42,187 basehttp 92226 6214791168 "GET /api/trips/ HTTP/1.1" 200 1807
INFO 2025-07-16 18:53:50,771 basehttp 92226 6214791168 "GET /api/trips/ HTTP/1.1" 200 1807
INFO 2025-07-16 18:54:28,161 basehttp 92226 6214791168 "GET /api/trips/ HTTP/1.1" 200 1807
INFO 2025-07-16 18:55:03,510 basehttp 92226 6214791168 "GET /api/trips/ HTTP/1.1" 200 1807
INFO 2025-07-16 18:55:45,571 basehttp 92226 6214791168 "GET /api/trips/ HTTP/1.1" 200 1807
INFO 2025-07-16 18:56:14,693 basehttp 92226 6214791168 "GET /api/auth/me/ HTTP/1.1" 200 356
INFO 2025-07-16 18:56:14,703 basehttp 92226 6214791168 "GET /api/auth/me/ HTTP/1.1" 200 356
INFO 2025-07-16 18:56:14,816 basehttp 92226 6214791168 "GET /api/trips/ HTTP/1.1" 200 1807
INFO 2025-07-16 18:56:14,852 basehttp 92226 6231617536 "GET /api/trips/ HTTP/1.1" 200 1807
INFO 2025-07-16 18:58:20,281 basehttp 92226 6214791168 "GET /api/auth/me/ HTTP/1.1" 200 356
INFO 2025-07-16 18:58:20,284 basehttp 92226 6214791168 "GET /api/auth/me/ HTTP/1.1" 200 356
INFO 2025-07-16 18:58:20,437 basehttp 92226 6214791168 "GET /api/trips/ HTTP/1.1" 200 1807
INFO 2025-07-16 18:58:20,473 basehttp 92226 6231617536 "GET /api/trips/ HTTP/1.1" 200 1807
INFO 2025-07-16 18:59:43,107 basehttp 92226 6214791168 "GET /api/trips/ HTTP/1.1" 200 1807
INFO 2025-07-16 18:59:43,143 basehttp 92226 6214791168 "GET /api/trips/ HTTP/1.1" 200 1807
INFO 2025-07-16 18:59:52,670 basehttp 92226 6214791168 "GET /api/trips/ HTTP/1.1" 200 1807
INFO 2025-07-16 18:59:52,710 basehttp 92226 6214791168 "GET /api/trips/ HTTP/1.1" 200 1807
INFO 2025-07-16 19:01:09,630 basehttp 92226 6214791168 "GET /api/auth/me/ HTTP/1.1" 200 356
INFO 2025-07-16 19:01:09,639 basehttp 92226 6214791168 "GET /api/auth/me/ HTTP/1.1" 200 356
INFO 2025-07-16 19:01:09,763 basehttp 92226 6214791168 "GET /api/trips/ HTTP/1.1" 200 1807
INFO 2025-07-16 19:01:09,803 basehttp 92226 6231617536 "GET /api/trips/ HTTP/1.1" 200 1807
INFO 2025-07-16 19:05:12,345 basehttp 92226 6214791168 "GET /api/auth/me/ HTTP/1.1" 200 356
INFO 2025-07-16 19:05:12,352 basehttp 92226 6214791168 "GET /api/auth/me/ HTTP/1.1" 200 356
INFO 2025-07-16 19:05:12,514 basehttp 92226 6214791168 "GET /api/trips/ HTTP/1.1" 200 1807
INFO 2025-07-16 19:05:12,530 basehttp 92226 6231617536 "GET /api/trips/ HTTP/1.1" 200 1807
INFO 2025-07-16 19:05:41,917 basehttp 92226 6214791168 "GET /api/auth/me/ HTTP/1.1" 200 356
INFO 2025-07-16 19:05:41,927 basehttp 92226 6214791168 "GET /api/auth/me/ HTTP/1.1" 200 356
INFO 2025-07-16 19:05:42,068 basehttp 92226 6214791168 "GET /api/trips/ HTTP/1.1" 200 1807
INFO 2025-07-16 19:05:42,094 basehttp 92226 6231617536 "GET /api/trips/ HTTP/1.1" 200 1807
INFO 2025-07-16 19:06:09,841 basehttp 92226 6214791168 "GET /api/auth/me/ HTTP/1.1" 200 356
INFO 2025-07-16 19:06:09,851 basehttp 92226 6214791168 "GET /api/auth/me/ HTTP/1.1" 200 356
INFO 2025-07-16 19:06:10,062 basehttp 92226 6214791168 "GET /api/trips/ HTTP/1.1" 200 1807
INFO 2025-07-16 19:06:10,080 basehttp 92226 6231617536 "GET /api/trips/ HTTP/1.1" 200 1807
INFO 2025-07-16 19:06:48,779 basehttp 92226 6214791168 "GET /api/auth/me/ HTTP/1.1" 200 356
INFO 2025-07-16 19:06:48,785 basehttp 92226 6214791168 "GET /api/auth/me/ HTTP/1.1" 200 356
INFO 2025-07-16 19:06:48,925 basehttp 92226 6214791168 "GET /api/trips/ HTTP/1.1" 200 1807
INFO 2025-07-16 19:06:48,945 basehttp 92226 6231617536 "GET /api/trips/ HTTP/1.1" 200 1807
INFO 2025-07-16 19:07:18,128 basehttp 92226 6214791168 "GET /api/auth/me/ HTTP/1.1" 200 356
INFO 2025-07-16 19:07:18,139 basehttp 92226 6214791168 "GET /api/auth/me/ HTTP/1.1" 200 356
INFO 2025-07-16 19:07:18,295 basehttp 92226 6214791168 "GET /api/trips/ HTTP/1.1" 200 1807
INFO 2025-07-16 19:07:18,316 basehttp 92226 6231617536 "GET /api/trips/ HTTP/1.1" 200 1807
INFO 2025-07-16 19:08:31,442 basehttp 92226 6214791168 "GET /api/trips/ HTTP/1.1" 200 1807
INFO 2025-07-16 19:09:20,355 basehttp 92226 6214791168 "POST /api/trips/ HTTP/1.1" 201 180
INFO 2025-07-16 19:09:23,323 basehttp 92226 6214791168 "GET /api/auth/me/ HTTP/1.1" 200 356
INFO 2025-07-16 19:09:23,337 basehttp 92226 6214791168 "GET /api/auth/me/ HTTP/1.1" 200 356
INFO 2025-07-16 19:09:23,483 basehttp 92226 6214791168 "GET /api/trips/ HTTP/1.1" 200 2152
INFO 2025-07-16 19:09:23,505 basehttp 92226 6231617536 "GET /api/trips/ HTTP/1.1" 200 2152
INFO 2025-07-16 19:09:46,737 autoreload 7729 8797069056 Watching for file changes with StatReloader
WARNING 2025-07-16 19:09:46,923 google_places 7729 8797069056 Google Maps API key not configured
INFO 2025-07-16 19:10:38,795 basehttp 7729 6205190144 "POST /api/trips/ HTTP/1.1" 201 197
INFO 2025-07-16 19:11:13,003 basehttp 7729 6205190144 "GET /api/auth/me/ HTTP/1.1" 200 356
INFO 2025-07-16 19:11:13,007 basehttp 7729 6205190144 "GET /api/auth/me/ HTTP/1.1" 200 356
INFO 2025-07-16 19:11:13,144 basehttp 7729 6205190144 "GET /api/trips/ HTTP/1.1" 200 2514
INFO 2025-07-16 19:11:13,167 basehttp 7729 6222016512 "GET /api/trips/ HTTP/1.1" 200 2514
INFO 2025-07-16 19:11:18,251 basehttp 7729 6205190144 "GET /api/auth/me/ HTTP/1.1" 200 356
INFO 2025-07-16 19:11:18,261 basehttp 7729 6205190144 "GET /api/auth/me/ HTTP/1.1" 200 356
INFO 2025-07-16 19:11:18,332 basehttp 7729 6205190144 "GET /api/trips/ HTTP/1.1" 200 2514
INFO 2025-07-16 19:11:18,351 basehttp 7729 6222016512 "GET /api/trips/ HTTP/1.1" 200 2514
INFO 2025-07-16 19:12:37,151 basehttp 7729 6205190144 "GET /api/auth/me/ HTTP/1.1" 200 356
INFO 2025-07-16 19:12:37,157 basehttp 7729 6205190144 "GET /api/auth/me/ HTTP/1.1" 200 356
INFO 2025-07-16 19:12:37,321 basehttp 7729 6205190144 "GET /api/trips/ HTTP/1.1" 200 2514
INFO 2025-07-16 19:12:37,341 basehttp 7729 6222016512 "GET /api/trips/ HTTP/1.1" 200 2514
INFO 2025-07-16 19:17:44,436 basehttp 7729 6205190144 "GET /api/auth/me/ HTTP/1.1" 200 356
INFO 2025-07-16 19:17:44,441 basehttp 7729 6205190144 "GET /api/auth/me/ HTTP/1.1" 200 356
INFO 2025-07-16 19:17:44,843 basehttp 7729 6205190144 "GET /api/trips/ HTTP/1.1" 200 2514
INFO 2025-07-16 19:17:44,862 basehttp 7729 6222016512 "GET /api/trips/ HTTP/1.1" 200 2514
WARNING 2025-07-16 19:25:09,224 log 7729 6205190144 Unauthorized: /api/auth/me/
WARNING 2025-07-16 19:25:09,234 basehttp 7729 6205190144 "GET /api/auth/me/ HTTP/1.1" 401 172
WARNING 2025-07-16 19:25:09,250 log 7729 6222016512 Unauthorized: /api/auth/me/
WARNING 2025-07-16 19:25:09,257 basehttp 7729 6222016512 "GET /api/auth/me/ HTTP/1.1" 401 172
INFO 2025-07-16 19:26:52,271 basehttp 7729 6205190144 "POST /api/auth/login/ HTTP/1.1" 200 858
INFO 2025-07-16 19:26:52,456 basehttp 7729 6205190144 "GET /api/trips/ HTTP/1.1" 200 2514
INFO 2025-07-16 19:26:52,484 basehttp 7729 6205190144 "GET /api/trips/ HTTP/1.1" 200 2514
INFO 2025-07-16 19:29:09,862 basehttp 7729 6205190144 "GET /api/trips/ HTTP/1.1" 200 2514
INFO 2025-07-16 19:29:09,889 basehttp 7729 6205190144 "GET /api/trips/ HTTP/1.1" 200 2514
INFO 2025-07-16 19:39:31,669 basehttp 7729 6205190144 "GET /api/auth/me/ HTTP/1.1" 200 356
INFO 2025-07-16 19:39:31,696 basehttp 7729 6205190144 "GET /api/auth/me/ HTTP/1.1" 200 356
INFO 2025-07-16 19:39:32,231 basehttp 7729 6205190144 "GET /api/trips/ HTTP/1.1" 200 2514
INFO 2025-07-16 19:39:32,303 basehttp 7729 6222016512 "GET /api/trips/ HTTP/1.1" 200 2514
INFO 2025-07-16 19:42:24,913 basehttp 7729 6205190144 "POST /api/trips/ HTTP/1.1" 201 198
INFO 2025-07-16 19:42:54,082 basehttp 7729 6205190144 "GET /api/auth/me/ HTTP/1.1" 200 356
INFO 2025-07-16 19:42:54,088 basehttp 7729 6205190144 "GET /api/auth/me/ HTTP/1.1" 200 356
INFO 2025-07-16 19:42:54,286 basehttp 7729 6205190144 "GET /api/trips/ HTTP/1.1" 200 2878
INFO 2025-07-16 19:42:54,321 basehttp 7729 6222016512 "GET /api/trips/ HTTP/1.1" 200 2878
INFO 2025-07-16 19:47:17,131 basehttp 7729 6205190144 "GET /api/auth/me/ HTTP/1.1" 200 356
INFO 2025-07-16 19:47:17,145 basehttp 7729 6205190144 "GET /api/auth/me/ HTTP/1.1" 200 356
INFO 2025-07-16 19:47:17,642 basehttp 7729 6205190144 "GET /api/trips/ HTTP/1.1" 200 2878
INFO 2025-07-16 19:47:17,697 basehttp 7729 6222016512 "GET /api/trips/ HTTP/1.1" 200 2878
INFO 2025-07-16 19:48:59,055 basehttp 7729 6205190144 "GET /api/auth/me/ HTTP/1.1" 200 356
INFO 2025-07-16 19:48:59,086 basehttp 7729 6222016512 "GET /api/auth/me/ HTTP/1.1" 200 356
INFO 2025-07-16 19:48:59,187 basehttp 7729 6222016512 "GET /api/trips/ HTTP/1.1" 200 2878
INFO 2025-07-16 19:48:59,257 basehttp 7729 6205190144 "GET /api/trips/ HTTP/1.1" 200 2878
INFO 2025-07-16 19:54:27,439 basehttp 7729 6205190144 "GET /api/trips/ HTTP/1.1" 200 2878
INFO 2025-07-16 19:54:27,479 basehttp 7729 6205190144 "GET /api/trips/ HTTP/1.1" 200 2878
INFO 2025-07-16 19:58:24,945 basehttp 7729 6205190144 "GET /api/auth/me/ HTTP/1.1" 200 356
INFO 2025-07-16 19:58:24,954 basehttp 7729 6205190144 "GET /api/auth/me/ HTTP/1.1" 200 356
INFO 2025-07-16 19:58:38,971 basehttp 7729 6205190144 "GET /api/auth/me/ HTTP/1.1" 200 356
INFO 2025-07-16 19:58:38,987 basehttp 7729 6205190144 "GET /api/auth/me/ HTTP/1.1" 200 356
INFO 2025-07-16 20:00:37,159 basehttp 7729 6205190144 "GET /api/auth/me/ HTTP/1.1" 200 356
INFO 2025-07-16 20:00:37,184 basehttp 7729 6205190144 "GET /api/auth/me/ HTTP/1.1" 200 356
INFO 2025-07-16 20:02:10,825 basehttp 7729 6205190144 "GET /api/auth/me/ HTTP/1.1" 200 356
INFO 2025-07-16 20:02:10,832 basehttp 7729 6205190144 "GET /api/auth/me/ HTTP/1.1" 200 356
INFO 2025-07-16 20:02:38,360 basehttp 7729 6205190144 "GET /api/auth/me/ HTTP/1.1" 200 356
INFO 2025-07-16 20:02:38,377 basehttp 7729 6205190144 "GET /api/auth/me/ HTTP/1.1" 200 356
INFO 2025-07-16 20:02:38,599 basehttp 7729 6205190144 "GET /api/trips/ HTTP/1.1" 200 2878
INFO 2025-07-16 20:02:38,639 basehttp 7729 6205190144 "GET /api/trips/ HTTP/1.1" 200 2878
INFO 2025-07-16 20:17:34,749 basehttp 7729 6222016512 "OPTIONS /api/auth/me/ HTTP/1.1" 200 0
INFO 2025-07-16 20:17:34,750 basehttp 7729 6205190144 "OPTIONS /api/auth/me/ HTTP/1.1" 200 0
INFO 2025-07-16 20:17:34,786 basehttp 7729 6222016512 "GET /api/auth/me/ HTTP/1.1" 200 356
INFO 2025-07-16 20:17:34,793 basehttp 7729 6205190144 "GET /api/auth/me/ HTTP/1.1" 200 356
INFO 2025-07-16 20:17:35,380 basehttp 7729 6205190144 "GET /api/trips/ HTTP/1.1" 200 2878
INFO 2025-07-16 20:17:35,407 basehttp 7729 6222016512 "GET /api/trips/ HTTP/1.1" 200 2878
WARNING 2025-07-16 22:50:07,307 log 7729 6205190144 Unauthorized: /api/auth/me/
WARNING 2025-07-16 22:50:07,308 basehttp 7729 6205190144 "GET /api/auth/me/ HTTP/1.1" 401 172
WARNING 2025-07-16 22:50:07,312 log 7729 6205190144 Unauthorized: /api/auth/me/
WARNING 2025-07-16 22:50:07,313 basehttp 7729 6205190144 "GET /api/auth/me/ HTTP/1.1" 401 172
INFO 2025-07-22 11:11:05,043 autoreload 23651 8412700416 Watching for file changes with StatReloader
WARNING 2025-07-22 11:11:05,234 google_places 23651 8412700416 Google Maps API key not configured
INFO 2025-07-22 11:11:51,869 basehttp 23651 6166769664 "GET /admin/trips/trip/ HTTP/1.1" 302 0
INFO 2025-07-22 11:11:51,902 basehttp 23651 6166769664 "GET /admin/login/?next=/admin/trips/trip/ HTTP/1.1" 200 4192
WARNING 2025-07-22 11:11:52,076 log 23651 6166769664 Not Found: /favicon.ico
WARNING 2025-07-22 11:11:52,077 basehttp 23651 6166769664 "GET /favicon.ico HTTP/1.1" 404 3139
INFO 2025-07-22 11:11:59,070 basehttp 23651 6166769664 "OPTIONS /api/auth/login/ HTTP/1.1" 200 0
INFO 2025-07-22 11:11:59,428 basehttp 23651 6166769664 "POST /api/auth/login/ HTTP/1.1" 200 858
INFO 2025-07-22 11:11:59,508 basehttp 23651 6166769664 "OPTIONS /api/trips/ HTTP/1.1" 200 0
INFO 2025-07-22 11:11:59,508 basehttp 23651 6183596032 "OPTIONS /api/trips/ HTTP/1.1" 200 0
INFO 2025-07-22 11:11:59,529 basehttp 23651 6166769664 "GET /api/trips/ HTTP/1.1" 200 2878
INFO 2025-07-22 11:11:59,551 basehttp 23651 6183596032 "GET /api/trips/ HTTP/1.1" 200 2878
INFO 2025-07-22 11:12:07,448 basehttp 23651 6166769664 "POST /admin/login/?next=/admin/trips/trip/ HTTP/1.1" 302 0
INFO 2025-07-22 11:12:07,477 basehttp 23651 6166769664 "GET /admin/trips/trip/ HTTP/1.1" 200 21128
INFO 2025-07-22 11:12:07,509 basehttp 23651 6166769664 "GET /static/admin/css/base.css HTTP/1.1" 304 0
INFO 2025-07-22 11:12:07,510 basehttp 23651 6183596032 "GET /static/admin/css/dark_mode.css HTTP/1.1" 304 0
INFO 2025-07-22 11:12:07,511 basehttp 23651 6200422400 "GET /static/admin/js/theme.js HTTP/1.1" 304 0
INFO 2025-07-22 11:12:07,513 basehttp 23651 6166769664 "GET /static/admin/css/responsive.css HTTP/1.1" 304 0
INFO 2025-07-22 11:12:07,513 basehttp 23651 6217248768 "GET /static/admin/css/nav_sidebar.css HTTP/1.1" 304 0
INFO 2025-07-22 11:12:07,513 basehttp 23651 6183596032 "GET /static/admin/js/vendor/jquery/jquery.js HTTP/1.1" 304 0
INFO 2025-07-22 11:12:07,514 basehttp 23651 6234075136 "GET /static/admin/css/changelists.css HTTP/1.1" 304 0
INFO 2025-07-22 11:12:07,515 basehttp 23651 6200422400 "GET /static/admin/js/core.js HTTP/1.1" 304 0
INFO 2025-07-22 11:12:07,518 basehttp 23651 6234075136 "GET /static/admin/js/actions.js HTTP/1.1" 304 0
INFO 2025-07-22 11:12:07,519 basehttp 23651 6166769664 "GET /static/admin/js/jquery.init.js HTTP/1.1" 304 0
INFO 2025-07-22 11:12:07,520 basehttp 23651 6200422400 "GET /static/admin/js/urlify.js HTTP/1.1" 304 0
INFO 2025-07-22 11:12:07,521 basehttp 23651 6217248768 "GET /static/admin/js/admin/RelatedObjectLookups.js HTTP/1.1" 304 0
INFO 2025-07-22 11:12:07,521 basehttp 23651 6183596032 "GET /static/admin/js/prepopulate.js HTTP/1.1" 304 0
INFO 2025-07-22 11:12:07,523 basehttp 23651 6200422400 "GET /static/admin/img/search.svg HTTP/1.1" 304 0
INFO 2025-07-22 11:12:07,526 basehttp 23651 6217248768 "GET /static/admin/js/vendor/xregexp/xregexp.js HTTP/1.1" 304 0
INFO 2025-07-22 11:12:07,528 basehttp 23651 6234075136 "GET /static/admin/img/icon-no.svg HTTP/1.1" 200 560
INFO 2025-07-22 11:12:07,531 basehttp 23651 6250901504 "GET /admin/jsi18n/ HTTP/1.1" 200 3342
INFO 2025-07-22 11:12:07,532 basehttp 23651 6234075136 "GET /static/admin/js/nav_sidebar.js HTTP/1.1" 304 0
INFO 2025-07-22 11:12:07,534 basehttp 23651 6234075136 "GET /static/admin/js/filters.js HTTP/1.1" 304 0
INFO 2025-07-22 11:12:07,546 basehttp 23651 6234075136 "GET /static/admin/img/icon-yes.svg HTTP/1.1" 304 0
INFO 2025-07-22 11:12:07,551 basehttp 23651 6234075136 "GET /static/admin/img/icon-addlink.svg HTTP/1.1" 304 0
INFO 2025-07-22 11:12:07,553 basehttp 23651 6234075136 "GET /static/admin/img/tooltag-add.svg HTTP/1.1" 304 0
INFO 2025-07-22 11:12:07,553 basehttp 23651 6250901504 "GET /static/admin/img/icon-viewlink.svg HTTP/1.1" 304 0
INFO 2025-07-22 11:21:15,939 basehttp 23651 6166769664 "OPTIONS /api/auth/me/ HTTP/1.1" 200 0
INFO 2025-07-22 11:21:15,951 basehttp 23651 6183596032 "OPTIONS /api/auth/me/ HTTP/1.1" 200 0
INFO 2025-07-22 11:21:15,963 basehttp 23651 6166769664 "GET /api/auth/me/ HTTP/1.1" 200 356
INFO 2025-07-22 11:21:15,968 basehttp 23651 6183596032 "GET /api/auth/me/ HTTP/1.1" 200 356
INFO 2025-07-22 11:21:16,094 basehttp 23651 6183596032 "GET /api/trips/ HTTP/1.1" 200 2878
INFO 2025-07-22 11:21:16,108 basehttp 23651 6166769664 "GET /api/trips/ HTTP/1.1" 200 2878
INFO 2025-07-22 11:22:56,581 basehttp 23651 6166769664 "GET /api/auth/me/ HTTP/1.1" 200 356
INFO 2025-07-22 11:22:56,590 basehttp 23651 6166769664 "GET /api/auth/me/ HTTP/1.1" 200 356
INFO 2025-07-22 11:22:56,699 basehttp 23651 6166769664 "GET /api/trips/ HTTP/1.1" 200 2878
INFO 2025-07-22 11:22:56,717 basehttp 23651 6183596032 "GET /api/trips/ HTTP/1.1" 200 2878
INFO 2025-07-22 11:23:39,603 basehttp 23651 6166769664 "GET /api/trips/ HTTP/1.1" 200 2878
INFO 2025-07-22 11:23:39,619 basehttp 23651 6166769664 "GET /api/trips/ HTTP/1.1" 200 2878
INFO 2025-07-22 11:28:16,020 basehttp 23651 6166769664 "GET /api/auth/me/ HTTP/1.1" 200 356
INFO 2025-07-22 11:28:16,030 basehttp 23651 6166769664 "GET /api/auth/me/ HTTP/1.1" 200 356
INFO 2025-07-22 11:28:16,205 basehttp 23651 6166769664 "GET /api/trips/ HTTP/1.1" 200 2878
INFO 2025-07-22 11:28:16,222 basehttp 23651 6183596032 "GET /api/trips/ HTTP/1.1" 200 2878
INFO 2025-07-22 11:30:26,688 basehttp 23651 6166769664 "GET /api/auth/me/ HTTP/1.1" 200 356
INFO 2025-07-22 11:30:26,694 basehttp 23651 6166769664 "GET /api/auth/me/ HTTP/1.1" 200 356
INFO 2025-07-22 11:30:26,819 basehttp 23651 6166769664 "GET /api/trips/ HTTP/1.1" 200 2878
INFO 2025-07-22 11:30:26,845 basehttp 23651 6183596032 "GET /api/trips/ HTTP/1.1" 200 2878
INFO 2025-07-22 11:34:26,405 basehttp 23651 6166769664 "GET /api/auth/me/ HTTP/1.1" 200 356
INFO 2025-07-22 11:34:26,410 basehttp 23651 6166769664 "GET /api/auth/me/ HTTP/1.1" 200 356
INFO 2025-07-22 11:34:26,530 basehttp 23651 6166769664 "GET /api/trips/ HTTP/1.1" 200 2878
INFO 2025-07-22 11:34:26,554 basehttp 23651 6183596032 "GET /api/trips/ HTTP/1.1" 200 2878
INFO 2025-07-22 11:35:56,476 basehttp 23651 6166769664 "GET /api/auth/me/ HTTP/1.1" 200 356
INFO 2025-07-22 11:35:56,508 basehttp 23651 6166769664 "GET /api/auth/me/ HTTP/1.1" 200 356
INFO 2025-07-22 11:35:56,636 basehttp 23651 6166769664 "GET /api/trips/ HTTP/1.1" 200 2878
INFO 2025-07-22 11:35:56,671 basehttp 23651 6183596032 "GET /api/trips/ HTTP/1.1" 200 2878
INFO 2025-07-22 11:36:15,148 basehttp 23651 6166769664 "GET /api/auth/me/ HTTP/1.1" 200 356
INFO 2025-07-22 11:36:15,171 basehttp 23651 6166769664 "GET /api/auth/me/ HTTP/1.1" 200 356
INFO 2025-07-22 11:36:15,281 basehttp 23651 6166769664 "GET /api/trips/ HTTP/1.1" 200 2878
INFO 2025-07-22 11:36:15,366 basehttp 23651 6183596032 "GET /api/trips/ HTTP/1.1" 200 2878
INFO 2025-07-22 11:37:13,646 basehttp 23651 6166769664 "GET /api/auth/me/ HTTP/1.1" 200 356
INFO 2025-07-22 11:37:13,650 basehttp 23651 6166769664 "GET /api/auth/me/ HTTP/1.1" 200 356
INFO 2025-07-22 11:37:13,814 basehttp 23651 6166769664 "GET /api/trips/ HTTP/1.1" 200 2878
INFO 2025-07-22 11:37:13,837 basehttp 23651 6166769664 "GET /api/trips/ HTTP/1.1" 200 2878
INFO 2025-07-22 11:37:55,229 basehttp 23651 6166769664 "POST /api/trips/ HTTP/1.1" 201 196
INFO 2025-07-22 11:38:05,528 basehttp 23651 6166769664 "GET /api/auth/me/ HTTP/1.1" 200 356
INFO 2025-07-22 11:38:05,533 basehttp 23651 6166769664 "GET /api/auth/me/ HTTP/1.1" 200 356
INFO 2025-07-22 11:38:05,647 basehttp 23651 6166769664 "GET /api/trips/ HTTP/1.1" 200 3239
INFO 2025-07-22 11:38:05,658 basehttp 23651 6183596032 "GET /api/trips/ HTTP/1.1" 200 3239
INFO 2025-07-22 11:40:24,991 basehttp 23651 6166769664 "GET /api/auth/me/ HTTP/1.1" 200 356
INFO 2025-07-22 11:40:24,997 basehttp 23651 6166769664 "GET /api/auth/me/ HTTP/1.1" 200 356
INFO 2025-07-22 11:40:25,165 basehttp 23651 6166769664 "GET /api/trips/ HTTP/1.1" 200 3239
INFO 2025-07-22 11:40:25,188 basehttp 23651 6183596032 "GET /api/trips/ HTTP/1.1" 200 3239
INFO 2025-07-22 11:43:08,091 basehttp 23651 6166769664 "GET /api/auth/me/ HTTP/1.1" 200 356
INFO 2025-07-22 11:43:08,099 basehttp 23651 6183596032 "GET /api/auth/me/ HTTP/1.1" 200 356
INFO 2025-07-22 11:43:08,253 basehttp 23651 6183596032 "GET /api/trips/ HTTP/1.1" 200 3239
INFO 2025-07-22 11:43:08,288 basehttp 23651 6166769664 "GET /api/trips/ HTTP/1.1" 200 3239
WARNING 2025-07-22 11:49:35,124 log 23651 6166769664 Unauthorized: /api/trips/1/
WARNING 2025-07-22 11:49:35,126 basehttp 23651 6166769664 "GET /api/trips/1/ HTTP/1.1" 401 172
WARNING 2025-07-22 11:49:52,561 log 23651 6166769664 Bad Request: /api/auth/login/
WARNING 2025-07-22 11:49:52,562 basehttp 23651 6166769664 "POST /api/auth/login/ HTTP/1.1" 400 51
INFO 2025-07-22 11:50:01,436 basehttp 23651 6183596032 "OPTIONS /api/auth/logout/ HTTP/1.1" 200 0
WARNING 2025-07-22 11:50:01,447 log 23651 6183596032 Bad Request: /api/auth/logout/
WARNING 2025-07-22 11:50:01,448 basehttp 23651 6183596032 "POST /api/auth/logout/ HTTP/1.1" 400 26
INFO 2025-07-22 11:51:04,499 basehttp 23651 6183596032 "POST /api/auth/login/ HTTP/1.1" 200 858
WARNING 2025-07-22 11:51:35,527 log 23651 6183596032 Unauthorized: /api/trips/1/
WARNING 2025-07-22 11:51:35,532 basehttp 23651 6183596032 "GET /api/trips/1/ HTTP/1.1" 401 172
WARNING 2025-07-22 11:52:01,313 log 23651 6183596032 Unauthorized: /api/trips/1/
WARNING 2025-07-22 11:52:01,315 basehttp 23651 6183596032 "GET /api/trips/1/ HTTP/1.1" 401 172
WARNING 2025-07-22 11:52:07,113 log 23651 6183596032 Unauthorized: /api/trips/1/
WARNING 2025-07-22 11:52:07,113 basehttp 23651 6183596032 "GET /api/trips/1/ HTTP/1.1" 401 172
WARNING 2025-07-22 11:54:30,638 log 23651 6200422400 Unauthorized: /api/trips/1/
WARNING 2025-07-22 11:54:30,639 basehttp 23651 6200422400 "GET /api/trips/1/ HTTP/1.1" 401 172
WARNING 2025-07-22 11:54:48,446 log 23651 6200422400 Unauthorized: /api/trips/1/
WARNING 2025-07-22 11:54:48,446 basehttp 23651 6200422400 "GET /api/trips/1/ HTTP/1.1" 401 172
WARNING 2025-07-22 11:54:59,768 log 23651 6200422400 Unauthorized: /api/auth/logout/
WARNING 2025-07-22 11:54:59,771 basehttp 23651 6200422400 "POST /api/auth/logout/ HTTP/1.1" 401 172
INFO 2025-07-22 11:55:05,285 basehttp 23651 6200422400 "POST /api/auth/login/ HTTP/1.1" 200 858
INFO 2025-07-22 11:55:30,164 basehttp 23651 6200422400 "GET /api/trips/ HTTP/1.1" 200 3239
INFO 2025-07-22 11:56:16,361 basehttp 23651 6217248768 "POST /api/auth/login/ HTTP/1.1" 200 858
INFO 2025-07-22 11:56:16,463 basehttp 23651 6217248768 "GET /api/trips/ HTTP/1.1" 200 3239
INFO 2025-07-22 11:56:16,505 basehttp 23651 6217248768 "GET /api/trips/ HTTP/1.1" 200 3239
INFO 2025-07-22 12:00:11,635 basehttp 23651 6217248768 "GET /api/auth/me/ HTTP/1.1" 200 356
INFO 2025-07-22 12:00:11,644 basehttp 23651 6217248768 "GET /api/auth/me/ HTTP/1.1" 200 356
INFO 2025-07-22 12:00:11,788 basehttp 23651 6217248768 "GET /api/trips/ HTTP/1.1" 200 3239
INFO 2025-07-22 12:00:11,818 basehttp 23651 6234075136 "GET /api/trips/ HTTP/1.1" 200 3239
INFO 2025-07-22 12:03:56,311 basehttp 23651 6217248768 "GET /api/auth/me/ HTTP/1.1" 200 356
INFO 2025-07-22 12:03:56,315 basehttp 23651 6217248768 "GET /api/auth/me/ HTTP/1.1" 200 356
INFO 2025-07-22 12:03:56,495 basehttp 23651 6217248768 "GET /api/trips/ HTTP/1.1" 200 3239
INFO 2025-07-22 12:03:56,532 basehttp 23651 6234075136 "GET /api/trips/ HTTP/1.1" 200 3239
INFO 2025-07-22 12:49:37,052 basehttp 23651 6217248768 "GET /api/auth/me/ HTTP/1.1" 200 356
INFO 2025-07-22 12:49:37,061 basehttp 23651 6217248768 "GET /api/auth/me/ HTTP/1.1" 200 356
INFO 2025-07-22 12:49:37,759 basehttp 23651 6217248768 "GET /api/trips/ HTTP/1.1" 200 3239
INFO 2025-07-22 12:49:37,783 basehttp 23651 6234075136 "GET /api/trips/ HTTP/1.1" 200 3239
INFO 2025-07-22 12:49:42,552 basehttp 23651 6217248768 "GET /api/auth/me/ HTTP/1.1" 200 356
INFO 2025-07-22 12:49:42,562 basehttp 23651 6217248768 "GET /api/auth/me/ HTTP/1.1" 200 356
INFO 2025-07-22 12:49:42,768 basehttp 23651 6217248768 "GET /api/trips/ HTTP/1.1" 200 3239
INFO 2025-07-22 12:49:42,788 basehttp 23651 6234075136 "GET /api/trips/ HTTP/1.1" 200 3239
WARNING 2025-07-22 13:46:12,355 log 23651 6217248768 Unauthorized: /api/auth/me/
WARNING 2025-07-22 13:46:12,358 basehttp 23651 6217248768 "GET /api/auth/me/ HTTP/1.1" 401 172
WARNING 2025-07-22 13:46:12,365 log 23651 6234075136 Unauthorized: /api/auth/me/
WARNING 2025-07-22 13:46:12,366 basehttp 23651 6234075136 "GET /api/auth/me/ HTTP/1.1" 401 172
INFO 2025-07-24 12:12:50,102 autoreload 68590 8412700416 Watching for file changes with StatReloader
WARNING 2025-07-24 12:12:50,270 google_places 68590 8412700416 Google Maps API key not configured
INFO 2025-07-24 12:13:37,678 basehttp 68590 6126284800 "OPTIONS /api/auth/login/ HTTP/1.1" 200 0
INFO 2025-07-24 12:13:38,132 basehttp 68590 6126284800 "POST /api/auth/login/ HTTP/1.1" 200 858
INFO 2025-07-24 12:13:38,230 basehttp 68590 6126284800 "OPTIONS /api/trips/ HTTP/1.1" 200 0
INFO 2025-07-24 12:13:38,233 basehttp 68590 6143111168 "OPTIONS /api/trips/ HTTP/1.1" 200 0
INFO 2025-07-24 12:13:38,276 basehttp 68590 6126284800 "GET /api/trips/ HTTP/1.1" 200 3239
INFO 2025-07-24 12:13:38,315 basehttp 68590 6143111168 "GET /api/trips/ HTTP/1.1" 200 3239
INFO 2025-07-24 12:14:21,098 basehttp 68590 6126284800 "POST /api/auth/login/ HTTP/1.1" 200 858
INFO 2025-07-24 12:14:57,150 basehttp 68590 6126284800 "GET /api/trips/ HTTP/1.1" 200 3239
INFO 2025-07-24 12:17:02,917 basehttp 68590 6143111168 "GET /api/trips/ HTTP/1.1" 200 3239
INFO 2025-07-24 12:17:13,274 basehttp 68590 6176763904 "OPTIONS /api/auth/me/ HTTP/1.1" 200 0
INFO 2025-07-24 12:17:13,321 basehttp 68590 6176763904 "GET /api/auth/me/ HTTP/1.1" 200 356
INFO 2025-07-24 12:17:13,358 basehttp 68590 6159937536 "GET /api/trips/ HTTP/1.1" 200 3239
INFO 2025-07-24 12:17:13,385 basehttp 68590 6176763904 "GET /api/trips/ HTTP/1.1" 200 3239
INFO 2025-07-24 12:17:16,278 basehttp 68590 6159937536 "GET /api/auth/me/ HTTP/1.1" 200 356
INFO 2025-07-24 12:17:16,291 basehttp 68590 6176763904 "GET /api/trips/ HTTP/1.1" 200 3239
INFO 2025-07-24 12:17:16,328 basehttp 68590 6159937536 "GET /api/trips/ HTTP/1.1" 200 3239
INFO 2025-07-24 12:17:18,191 basehttp 68590 6159937536 "GET /api/trips/ HTTP/1.1" 200 3239
INFO 2025-07-24 12:17:18,195 basehttp 68590 6176763904 "GET /api/auth/me/ HTTP/1.1" 200 356
INFO 2025-07-24 12:17:18,237 basehttp 68590 6159937536 "GET /api/trips/ HTTP/1.1" 200 3239
INFO 2025-07-24 12:17:19,194 basehttp 68590 6159937536 "GET /api/trips/ HTTP/1.1" 200 3239
INFO 2025-07-24 12:17:19,217 basehttp 68590 6176763904 "GET /api/auth/me/ HTTP/1.1" 200 356
INFO 2025-07-24 12:17:19,351 basehttp 68590 6193590272 "GET /api/trips/ HTTP/1.1" 200 3239
INFO 2025-07-24 12:17:21,294 basehttp 68590 6176763904 "GET /api/auth/me/ HTTP/1.1" 200 356
INFO 2025-07-24 12:17:21,325 basehttp 68590 6193590272 "GET /api/trips/ HTTP/1.1" 200 3239
INFO 2025-07-24 12:17:21,342 basehttp 68590 6176763904 "GET /api/trips/ HTTP/1.1" 200 3239
INFO 2025-07-24 12:17:26,211 basehttp 68590 6176763904 "GET /api/auth/me/ HTTP/1.1" 200 356
INFO 2025-07-24 12:17:26,292 basehttp 68590 6159937536 "GET /api/trips/ HTTP/1.1" 200 3239
INFO 2025-07-24 12:17:26,309 basehttp 68590 6176763904 "GET /api/trips/ HTTP/1.1" 200 3239
INFO 2025-07-24 12:17:29,162 basehttp 68590 6176763904 "GET /api/auth/me/ HTTP/1.1" 200 356
INFO 2025-07-24 12:17:29,192 basehttp 68590 6159937536 "GET /api/trips/ HTTP/1.1" 200 3239
INFO 2025-07-24 12:17:29,214 basehttp 68590 6176763904 "GET /api/trips/ HTTP/1.1" 200 3239
INFO 2025-07-24 12:17:32,150 basehttp 68590 6176763904 "GET /api/auth/me/ HTTP/1.1" 200 356
INFO 2025-07-24 12:17:32,169 basehttp 68590 6159937536 "GET /api/trips/ HTTP/1.1" 200 3239
INFO 2025-07-24 12:17:32,183 basehttp 68590 6176763904 "GET /api/trips/ HTTP/1.1" 200 3239
INFO 2025-07-24 12:17:35,168 basehttp 68590 6159937536 "GET /api/auth/me/ HTTP/1.1" 200 356
INFO 2025-07-24 12:17:35,177 basehttp 68590 6176763904 "GET /api/trips/ HTTP/1.1" 200 3239
INFO 2025-07-24 12:17:35,188 basehttp 68590 6159937536 "GET /api/trips/ HTTP/1.1" 200 3239
INFO 2025-07-24 12:17:48,743 basehttp 68590 6159937536 "GET /api/auth/me/ HTTP/1.1" 200 356
INFO 2025-07-24 12:17:48,747 basehttp 68590 6159937536 "GET /api/auth/me/ HTTP/1.1" 200 356
INFO 2025-07-24 12:17:49,350 basehttp 68590 6159937536 "GET /api/trips/ HTTP/1.1" 200 3239
INFO 2025-07-24 12:17:49,360 basehttp 68590 6176763904 "GET /api/trips/ HTTP/1.1" 200 3239
INFO 2025-07-24 12:18:02,189 basehttp 68590 6176763904 "GET /api/auth/me/ HTTP/1.1" 200 356
INFO 2025-07-24 12:18:02,199 basehttp 68590 6159937536 "GET /api/trips/ HTTP/1.1" 200 3239
INFO 2025-07-24 12:18:02,214 basehttp 68590 6176763904 "GET /api/trips/ HTTP/1.1" 200 3239
INFO 2025-07-24 12:18:06,203 basehttp 68590 6159937536 "GET /api/auth/me/ HTTP/1.1" 200 356
INFO 2025-07-24 12:18:06,226 basehttp 68590 6176763904 "GET /api/trips/ HTTP/1.1" 200 3239
INFO 2025-07-24 12:18:06,253 basehttp 68590 6159937536 "GET /api/trips/ HTTP/1.1" 200 3239
INFO 2025-07-24 12:18:10,212 basehttp 68590 6176763904 "GET /api/auth/me/ HTTP/1.1" 200 356
INFO 2025-07-24 12:18:10,243 basehttp 68590 6159937536 "GET /api/trips/ HTTP/1.1" 200 3239
INFO 2025-07-24 12:18:10,268 basehttp 68590 6176763904 "GET /api/trips/ HTTP/1.1" 200 3239
INFO 2025-07-24 12:18:20,132 basehttp 68590 6159937536 "GET /api/trips/ HTTP/1.1" 200 3239
INFO 2025-07-24 12:18:22,125 basehttp 68590 6159937536 "GET /api/trips/ HTTP/1.1" 200 3239
INFO 2025-07-24 12:18:24,114 basehttp 68590 6159937536 "GET /api/trips/ HTTP/1.1" 200 3239
INFO 2025-07-24 12:18:32,149 basehttp 68590 6159937536 "GET /api/trips/ HTTP/1.1" 200 3239
INFO 2025-07-24 12:18:36,426 basehttp 68590 6159937536 "GET /api/trips/ HTTP/1.1" 200 3239
INFO 2025-07-24 12:22:24,115 basehttp 68590 6159937536 "GET /api/trips/ HTTP/1.1" 200 3239
INFO 2025-07-24 12:22:42,076 basehttp 68590 6159937536 "GET /api/auth/me/ HTTP/1.1" 200 356
INFO 2025-07-24 12:22:42,079 basehttp 68590 6159937536 "GET /api/auth/me/ HTTP/1.1" 200 356
INFO 2025-07-24 12:22:48,778 basehttp 68590 6159937536 "GET /api/auth/me/ HTTP/1.1" 200 356
INFO 2025-07-24 12:22:48,792 basehttp 68590 6159937536 "GET /api/auth/me/ HTTP/1.1" 200 356
INFO 2025-07-24 12:22:57,070 basehttp 68590 6159937536 "GET /api/auth/me/ HTTP/1.1" 200 356
INFO 2025-07-24 12:22:57,073 basehttp 68590 6176763904 "GET /api/auth/me/ HTTP/1.1" 200 356
INFO 2025-07-24 12:22:57,150 basehttp 68590 6176763904 "GET /api/trips/ HTTP/1.1" 200 3239
INFO 2025-07-24 12:22:57,161 basehttp 68590 6159937536 "GET /api/trips/ HTTP/1.1" 200 3239
INFO 2025-07-24 12:23:27,088 basehttp 68590 6159937536 "GET /api/trips/ HTTP/1.1" 200 3239
INFO 2025-07-24 12:23:34,523 basehttp 68590 6159937536 "GET /api/auth/me/ HTTP/1.1" 200 356
INFO 2025-07-24 12:23:34,526 basehttp 68590 6176763904 "GET /api/auth/me/ HTTP/1.1" 200 356
INFO 2025-07-24 12:23:34,653 basehttp 68590 6176763904 "GET /api/trips/ HTTP/1.1" 200 3239
INFO 2025-07-24 12:23:34,664 basehttp 68590 6159937536 "GET /api/trips/ HTTP/1.1" 200 3239
INFO 2025-07-24 12:23:44,668 basehttp 68590 6159937536 "GET /api/auth/me/ HTTP/1.1" 200 356
INFO 2025-07-24 12:23:44,689 basehttp 68590 6176763904 "GET /api/auth/me/ HTTP/1.1" 200 356
INFO 2025-07-24 12:23:44,795 basehttp 68590 6176763904 "GET /api/trips/ HTTP/1.1" 200 3239
INFO 2025-07-24 12:23:44,808 basehttp 68590 6159937536 "GET /api/trips/ HTTP/1.1" 200 3239
INFO 2025-07-24 12:24:12,144 basehttp 68590 6159937536 "GET /api/trips/ HTTP/1.1" 200 3239
INFO 2025-07-24 12:24:12,161 basehttp 68590 6176763904 "GET /api/trips/ HTTP/1.1" 200 3239
INFO 2025-07-24 12:24:16,470 basehttp 68590 6176763904 "GET /api/auth/me/ HTTP/1.1" 200 356
INFO 2025-07-24 12:24:16,473 basehttp 68590 6159937536 "GET /api/auth/me/ HTTP/1.1" 200 356
INFO 2025-07-24 12:24:16,612 basehttp 68590 6159937536 "GET /api/trips/ HTTP/1.1" 200 3239
INFO 2025-07-24 12:24:16,660 basehttp 68590 6176763904 "GET /api/trips/ HTTP/1.1" 200 3239
INFO 2025-07-24 12:25:17,138 basehttp 68590 6176763904 "GET /api/auth/me/ HTTP/1.1" 200 356
INFO 2025-07-24 12:25:17,140 basehttp 68590 6159937536 "GET /api/auth/me/ HTTP/1.1" 200 356
INFO 2025-07-24 12:25:17,269 basehttp 68590 6159937536 "GET /api/trips/ HTTP/1.1" 200 3239
INFO 2025-07-24 12:25:17,281 basehttp 68590 6176763904 "GET /api/trips/ HTTP/1.1" 200 3239
INFO 2025-07-24 12:27:36,470 basehttp 68590 6176763904 "GET /api/auth/me/ HTTP/1.1" 200 356
INFO 2025-07-24 12:27:36,473 basehttp 68590 6159937536 "GET /api/auth/me/ HTTP/1.1" 200 356
INFO 2025-07-24 12:27:36,600 basehttp 68590 6159937536 "GET /api/trips/ HTTP/1.1" 200 3239
INFO 2025-07-24 12:27:36,615 basehttp 68590 6176763904 "GET /api/trips/ HTTP/1.1" 200 3239
INFO 2025-07-24 12:27:49,053 basehttp 68590 6176763904 "GET /api/trips/ HTTP/1.1" 200 3239
INFO 2025-07-24 12:29:04,883 basehttp 68590 6176763904 "GET /api/trips/ HTTP/1.1" 200 3239
INFO 2025-07-24 12:30:31,340 basehttp 68590 6176763904 "GET /api/auth/me/ HTTP/1.1" 200 356
INFO 2025-07-24 12:30:31,342 basehttp 68590 6159937536 "GET /api/auth/me/ HTTP/1.1" 200 356
INFO 2025-07-24 12:30:31,473 basehttp 68590 6159937536 "GET /api/trips/ HTTP/1.1" 200 3239
INFO 2025-07-24 12:30:31,487 basehttp 68590 6176763904 "GET /api/trips/ HTTP/1.1" 200 3239
INFO 2025-07-24 12:30:38,567 basehttp 68590 6176763904 "OPTIONS /api/places/search/?q=Kericho HTTP/1.1" 200 0
ERROR 2025-07-24 12:30:38,569 google_places 68590 6176763904 Google Places API key not configured
INFO 2025-07-24 12:30:38,570 basehttp 68590 6176763904 "GET /api/places/search/?q=Kericho HTTP/1.1" 200 825
INFO 2025-07-24 12:30:44,043 basehttp 68590 6176763904 "OPTIONS /api/trips/11/stops/ HTTP/1.1" 200 0
WARNING 2025-07-24 12:30:44,050 log 68590 6176763904 Bad Request: /api/trips/11/stops/
WARNING 2025-07-24 12:30:44,050 basehttp 68590 6176763904 "POST /api/trips/11/stops/ HTTP/1.1" 400 37
WARNING 2025-07-24 12:30:47,411 log 68590 6176763904 Bad Request: /api/trips/11/stops/
WARNING 2025-07-24 12:30:47,411 basehttp 68590 6176763904 "POST /api/trips/11/stops/ HTTP/1.1" 400 37
WARNING 2025-07-24 12:30:48,613 log 68590 6176763904 Bad Request: /api/trips/11/stops/
WARNING 2025-07-24 12:30:48,613 basehttp 68590 6176763904 "POST /api/trips/11/stops/ HTTP/1.1" 400 37
INFO 2025-07-24 12:33:07,955 basehttp 68590 6176763904 "GET /api/auth/me/ HTTP/1.1" 200 356
INFO 2025-07-24 12:33:07,957 basehttp 68590 6159937536 "GET /api/auth/me/ HTTP/1.1" 200 356
INFO 2025-07-24 12:33:08,139 basehttp 68590 6159937536 "GET /api/trips/ HTTP/1.1" 200 3239
INFO 2025-07-24 12:33:08,174 basehttp 68590 6176763904 "GET /api/trips/ HTTP/1.1" 200 3239
INFO 2025-07-24 12:34:37,046 basehttp 68590 6176763904 "GET /api/trips/ HTTP/1.1" 200 3239
INFO 2025-07-24 12:34:53,034 basehttp 68590 6176763904 "GET /api/trips/ HTTP/1.1" 200 3239
INFO 2025-07-24 12:34:59,251 basehttp 68590 6176763904 "GET /api/auth/me/ HTTP/1.1" 200 356
INFO 2025-07-24 12:34:59,253 basehttp 68590 6159937536 "GET /api/auth/me/ HTTP/1.1" 200 356
INFO 2025-07-24 12:34:59,391 basehttp 68590 6159937536 "GET /api/trips/ HTTP/1.1" 200 3239
INFO 2025-07-24 12:34:59,399 basehttp 68590 6176763904 "GET /api/trips/ HTTP/1.1" 200 3239
INFO 2025-07-24 12:35:57,042 basehttp 68590 6176763904 "GET /api/trips/ HTTP/1.1" 200 3239
INFO 2025-07-24 12:36:54,937 basehttp 68590 6176763904 "GET /api/auth/me/ HTTP/1.1" 200 356
INFO 2025-07-24 12:36:54,945 basehttp 68590 6159937536 "GET /api/auth/me/ HTTP/1.1" 200 356
INFO 2025-07-24 12:36:55,070 basehttp 68590 6159937536 "GET /api/trips/ HTTP/1.1" 200 3239
INFO 2025-07-24 12:36:55,084 basehttp 68590 6176763904 "GET /api/trips/ HTTP/1.1" 200 3239
INFO 2025-07-24 12:36:55,858 basehttp 68590 6176763904 "GET /api/trips/ HTTP/1.1" 200 3239
WARNING 2025-07-24 12:37:19,243 log 68590 6176763904 Bad Request: /api/trips/11/stops/
WARNING 2025-07-24 12:37:19,243 basehttp 68590 6176763904 "POST /api/trips/11/stops/ HTTP/1.1" 400 37
WARNING 2025-07-24 12:37:26,921 log 68590 6176763904 Bad Request: /api/trips/11/stops/
WARNING 2025-07-24 12:37:26,921 basehttp 68590 6176763904 "POST /api/trips/11/stops/ HTTP/1.1" 400 37
INFO 2025-07-24 12:38:31,196 basehttp 68590 6176763904 "GET /api/auth/me/ HTTP/1.1" 200 356
INFO 2025-07-24 12:38:31,199 basehttp 68590 6159937536 "GET /api/auth/me/ HTTP/1.1" 200 356
INFO 2025-07-24 12:38:31,324 basehttp 68590 6159937536 "GET /api/trips/ HTTP/1.1" 200 3239
INFO 2025-07-24 12:38:31,340 basehttp 68590 6176763904 "GET /api/trips/ HTTP/1.1" 200 3239
INFO 2025-07-24 12:39:13,051 basehttp 68590 6176763904 "GET /api/auth/me/ HTTP/1.1" 200 356
INFO 2025-07-24 12:39:13,053 basehttp 68590 6159937536 "GET /api/auth/me/ HTTP/1.1" 200 356
INFO 2025-07-24 12:39:13,215 basehttp 68590 6159937536 "GET /api/trips/ HTTP/1.1" 200 3239
INFO 2025-07-24 12:39:13,283 basehttp 68590 6176763904 "GET /api/trips/ HTTP/1.1" 200 3239
WARNING 2025-07-24 12:39:32,418 log 68590 6176763904 Bad Request: /api/trips/11/stops/
WARNING 2025-07-24 12:39:32,418 basehttp 68590 6176763904 "POST /api/trips/11/stops/ HTTP/1.1" 400 37
INFO 2025-07-24 12:44:05,437 basehttp 68590 6176763904 "GET /api/trips/ HTTP/1.1" 200 3239
INFO 2025-07-24 12:44:05,449 basehttp 68590 6159937536 "GET /api/trips/ HTTP/1.1" 200 3239
INFO 2025-07-24 12:44:32,451 basehttp 68590 6159937536 "GET /api/trips/ HTTP/1.1" 200 3239
INFO 2025-07-24 12:44:32,460 basehttp 68590 6159937536 "GET /api/trips/ HTTP/1.1" 200 3239
INFO 2025-07-24 12:46:22,098 basehttp 68590 6159937536 "GET /api/trips/ HTTP/1.1" 200 3239
INFO 2025-07-24 12:46:35,088 basehttp 68590 6159937536 "GET /api/trips/ HTTP/1.1" 200 3239
INFO 2025-07-24 12:46:59,093 basehttp 68590 6159937536 "GET /api/trips/ HTTP/1.1" 200 3239
INFO 2025-07-24 12:48:31,088 basehttp 68590 6159937536 "GET /api/trips/ HTTP/1.1" 200 3239
INFO 2025-07-24 12:48:42,088 basehttp 68590 6159937536 "GET /api/trips/ HTTP/1.1" 200 3239
INFO 2025-07-24 12:48:59,087 basehttp 68590 6159937536 "GET /api/trips/ HTTP/1.1" 200 3239
INFO 2025-07-24 12:49:03,084 basehttp 68590 6159937536 "GET /api/auth/me/ HTTP/1.1" 200 356
INFO 2025-07-24 12:49:03,086 basehttp 68590 6159937536 "GET /api/auth/me/ HTTP/1.1" 200 356
INFO 2025-07-24 12:49:03,242 basehttp 68590 6159937536 "GET /api/trips/ HTTP/1.1" 200 3239
INFO 2025-07-24 12:49:03,261 basehttp 68590 6176763904 "GET /api/trips/ HTTP/1.1" 200 3239
INFO 2025-07-24 12:49:18,820 basehttp 68590 6159937536 "OPTIONS /api/recommendations/?lat=39.8283&lng=-98.5795 HTTP/1.1" 200 0
ERROR 2025-07-24 12:49:18,827 google_places 68590 6159937536 Google Places API key not configured
ERROR 2025-07-24 12:49:18,827 google_places 68590 6159937536 Google Places API key not configured
ERROR 2025-07-24 12:49:18,827 google_places 68590 6159937536 Google Places API key not configured
INFO 2025-07-24 12:49:18,829 basehttp 68590 6159937536 "GET /api/recommendations/?lat=39.8283&lng=-98.5795 HTTP/1.1" 200 55
INFO 2025-07-24 12:49:18,838 basehttp 68590 6176763904 "GET /api/trips/ HTTP/1.1" 200 3239
WARNING 2025-07-24 12:49:26,274 log 68590 6176763904 Bad Request: /api/trips/11/stops/
WARNING 2025-07-24 12:49:26,275 basehttp 68590 6176763904 "POST /api/trips/11/stops/ HTTP/1.1" 400 37
WARNING 2025-07-24 12:49:30,362 log 68590 6176763904 Bad Request: /api/trips/11/stops/
WARNING 2025-07-24 12:49:30,362 basehttp 68590 6176763904 "POST /api/trips/11/stops/ HTTP/1.1" 400 37
WARNING 2025-07-24 12:49:32,175 log 68590 6176763904 Bad Request: /api/trips/11/stops/
WARNING 2025-07-24 12:49:32,175 basehttp 68590 6176763904 "POST /api/trips/11/stops/ HTTP/1.1" 400 37
WARNING 2025-07-24 12:49:52,343 log 68590 6176763904 Bad Request: /api/trips/11/stops/
WARNING 2025-07-24 12:49:52,343 basehttp 68590 6176763904 "POST /api/trips/11/stops/ HTTP/1.1" 400 37
INFO 2025-07-24 12:49:58,740 basehttp 68590 6176763904 "OPTIONS /api/auth/logout/ HTTP/1.1" 200 0
WARNING 2025-07-24 12:49:58,743 log 68590 6176763904 Bad Request: /api/auth/logout/
WARNING 2025-07-24 12:49:58,744 basehttp 68590 6176763904 "POST /api/auth/logout/ HTTP/1.1" 400 26
INFO 2025-07-24 12:50:02,312 basehttp 68590 6176763904 "POST /api/auth/login/ HTTP/1.1" 200 858
INFO 2025-07-24 12:50:02,399 basehttp 68590 6176763904 "GET /api/trips/ HTTP/1.1" 200 3239
INFO 2025-07-24 12:50:02,419 basehttp 68590 6159937536 "GET /api/trips/ HTTP/1.1" 200 3239
ERROR 2025-07-24 12:50:02,426 google_places 68590 6159937536 Google Places API key not configured
ERROR 2025-07-24 12:50:02,427 google_places 68590 6159937536 Google Places API key not configured
ERROR 2025-07-24 12:50:02,427 google_places 68590 6159937536 Google Places API key not configured
INFO 2025-07-24 12:50:02,427 basehttp 68590 6159937536 "GET /api/recommendations/?lat=39.8283&lng=-98.5795 HTTP/1.1" 200 55
WARNING 2025-07-24 12:50:13,390 log 68590 6159937536 Bad Request: /api/trips/11/stops/
WARNING 2025-07-24 12:50:13,390 basehttp 68590 6159937536 "POST /api/trips/11/stops/ HTTP/1.1" 400 37
ERROR 2025-07-24 12:50:16,462 google_places 68590 6176763904 Google Places API key not configured
ERROR 2025-07-24 12:50:16,462 google_places 68590 6176763904 Google Places API key not configured
ERROR 2025-07-24 12:50:16,462 google_places 68590 6176763904 Google Places API key not configured
INFO 2025-07-24 12:50:16,464 basehttp 68590 6176763904 "GET /api/recommendations/?lat=39.8283&lng=-98.5795 HTTP/1.1" 200 55
INFO 2025-07-24 12:50:16,480 basehttp 68590 6159937536 "GET /api/trips/ HTTP/1.1" 200 3239
WARNING 2025-07-24 12:50:18,559 log 68590 6159937536 Bad Request: /api/trips/11/stops/
WARNING 2025-07-24 12:50:18,559 basehttp 68590 6159937536 "POST /api/trips/11/stops/ HTTP/1.1" 400 37
INFO 2025-07-24 12:50:36,944 basehttp 68590 6159937536 "GET /api/auth/me/ HTTP/1.1" 200 356
INFO 2025-07-24 12:50:36,947 basehttp 68590 6176763904 "GET /api/auth/me/ HTTP/1.1" 200 356
INFO 2025-07-24 12:50:37,099 basehttp 68590 6176763904 "GET /api/trips/ HTTP/1.1" 200 3239
INFO 2025-07-24 12:50:37,108 basehttp 68590 6159937536 "GET /api/trips/ HTTP/1.1" 200 3239
ERROR 2025-07-24 12:50:37,154 google_places 68590 6159937536 Google Places API key not configured
ERROR 2025-07-24 12:50:37,154 google_places 68590 6159937536 Google Places API key not configured
ERROR 2025-07-24 12:50:37,154 google_places 68590 6159937536 Google Places API key not configured
INFO 2025-07-24 12:50:37,155 basehttp 68590 6159937536 "GET /api/recommendations/?lat=39.8283&lng=-98.5795 HTTP/1.1" 200 55
WARNING 2025-07-24 12:50:55,907 log 68590 6159937536 Bad Request: /api/trips/11/stops/
WARNING 2025-07-24 12:50:55,908 basehttp 68590 6159937536 "POST /api/trips/11/stops/ HTTP/1.1" 400 37
WARNING 2025-07-24 12:51:31,696 log 68590 6193590272 Not Found: /api/trips/1/
WARNING 2025-07-24 12:51:31,696 basehttp 68590 6193590272 "DELETE /api/trips/1/ HTTP/1.1" 404 45
INFO 2025-07-24 12:51:53,471 basehttp 68590 6193590272 "GET /api/trips/ HTTP/1.1" 200 3239
INFO 2025-07-24 12:52:13,787 basehttp 68590 6193590272 "DELETE /api/trips/2/ HTTP/1.1" 204 0
INFO 2025-07-24 12:52:20,684 basehttp 68590 6193590272 "DELETE /api/trips/3/ HTTP/1.1" 204 0
INFO 2025-07-24 12:52:25,708 basehttp 68590 6193590272 "DELETE /api/trips/4/ HTTP/1.1" 204 0
INFO 2025-07-24 12:52:27,294 basehttp 68590 6193590272 "DELETE /api/trips/5/ HTTP/1.1" 204 0
WARNING 2025-07-24 12:52:29,193 log 68590 6193590272 Not Found: /api/trips/6/
WARNING 2025-07-24 12:52:29,193 basehttp 68590 6193590272 "DELETE /api/trips/6/ HTTP/1.1" 404 45
INFO 2025-07-24 12:52:32,489 basehttp 68590 6193590272 "DELETE /api/trips/7/ HTTP/1.1" 204 0
INFO 2025-07-24 12:52:34,781 basehttp 68590 6193590272 "DELETE /api/trips/8/ HTTP/1.1" 204 0
INFO 2025-07-24 12:52:36,662 basehttp 68590 6193590272 "DELETE /api/trips/9/ HTTP/1.1" 204 0
INFO 2025-07-24 12:52:39,275 basehttp 68590 6193590272 "GET /api/trips/ HTTP/1.1" 200 776
INFO 2025-07-24 12:52:46,684 basehttp 68590 6193590272 "DELETE /api/trips/10/ HTTP/1.1" 204 0
INFO 2025-07-24 12:52:50,585 basehttp 68590 6193590272 "GET /api/trips/ HTTP/1.1" 200 412
INFO 2025-07-24 12:52:55,811 basehttp 68590 6193590272 "DELETE /api/trips/11/ HTTP/1.1" 204 0
INFO 2025-07-24 12:53:00,885 basehttp 68590 6159937536 "GET /api/auth/me/ HTTP/1.1" 200 356
INFO 2025-07-24 12:53:00,889 basehttp 68590 6176763904 "GET /api/auth/me/ HTTP/1.1" 200 356
INFO 2025-07-24 12:53:01,077 basehttp 68590 6176763904 "GET /api/trips/ HTTP/1.1" 200 52
INFO 2025-07-24 12:53:01,081 basehttp 68590 6159937536 "GET /api/trips/ HTTP/1.1" 200 52
INFO 2025-07-24 12:53:47,461 basehttp 68590 6159937536 "GET /api/auth/me/ HTTP/1.1" 200 356
INFO 2025-07-24 12:53:47,464 basehttp 68590 6176763904 "GET /api/auth/me/ HTTP/1.1" 200 356
INFO 2025-07-24 12:53:47,542 basehttp 68590 6176763904 "GET /api/trips/ HTTP/1.1" 200 52
INFO 2025-07-24 12:53:47,549 basehttp 68590 6159937536 "GET /api/trips/ HTTP/1.1" 200 52
INFO 2025-07-24 12:57:20,391 basehttp 68590 6159937536 "GET /api/auth/me/ HTTP/1.1" 200 356
INFO 2025-07-24 12:57:20,394 basehttp 68590 6176763904 "GET /api/auth/me/ HTTP/1.1" 200 356
INFO 2025-07-24 12:57:20,509 basehttp 68590 6176763904 "GET /api/trips/ HTTP/1.1" 200 52
INFO 2025-07-24 12:57:20,514 basehttp 68590 6159937536 "GET /api/trips/ HTTP/1.1" 200 52
INFO 2025-07-24 12:57:53,795 basehttp 68590 6159937536 "GET /api/auth/me/ HTTP/1.1" 200 356
INFO 2025-07-24 12:57:53,812 basehttp 68590 6176763904 "GET /api/auth/me/ HTTP/1.1" 200 356
INFO 2025-07-24 12:57:53,864 basehttp 68590 6176763904 "GET /api/trips/ HTTP/1.1" 200 52
INFO 2025-07-24 12:57:53,867 basehttp 68590 6159937536 "GET /api/trips/ HTTP/1.1" 200 52
INFO 2025-07-24 12:59:12,539 basehttp 68590 6159937536 "GET /api/auth/me/ HTTP/1.1" 200 356
INFO 2025-07-24 12:59:12,542 basehttp 68590 6176763904 "GET /api/auth/me/ HTTP/1.1" 200 356
INFO 2025-07-24 12:59:12,683 basehttp 68590 6176763904 "GET /api/trips/ HTTP/1.1" 200 52
INFO 2025-07-24 12:59:12,689 basehttp 68590 6159937536 "GET /api/trips/ HTTP/1.1" 200 52
INFO 2025-07-24 12:59:16,875 basehttp 68590 6159937536 "GET /api/trips/ HTTP/1.1" 200 52
INFO 2025-07-24 12:59:16,879 basehttp 68590 6176763904 "GET /api/trips/ HTTP/1.1" 200 52
INFO 2025-07-24 12:59:25,499 basehttp 68590 6176763904 "GET /api/trips/ HTTP/1.1" 200 52
INFO 2025-07-24 13:01:32,040 basehttp 68590 6176763904 "GET /api/auth/me/ HTTP/1.1" 200 356
INFO 2025-07-24 13:01:32,046 basehttp 68590 6176763904 "GET /api/auth/me/ HTTP/1.1" 200 356
INFO 2025-07-24 13:01:32,223 basehttp 68590 6176763904 "GET /api/trips/ HTTP/1.1" 200 52
INFO 2025-07-24 13:01:32,229 basehttp 68590 6159937536 "GET /api/trips/ HTTP/1.1" 200 52
INFO 2025-07-24 13:05:03,103 basehttp 68590 6176763904 "GET /api/auth/me/ HTTP/1.1" 200 356
INFO 2025-07-24 13:05:03,104 basehttp 68590 6159937536 "GET /api/trips/ HTTP/1.1" 200 52
INFO 2025-07-24 13:05:03,107 basehttp 68590 6176763904 "GET /api/trips/ HTTP/1.1" 200 52
INFO 2025-07-24 13:06:00,260 basehttp 68590 6159937536 "GET /api/auth/me/ HTTP/1.1" 200 356
INFO 2025-07-24 13:06:00,263 basehttp 68590 6159937536 "GET /api/auth/me/ HTTP/1.1" 200 356
INFO 2025-07-24 13:06:00,370 basehttp 68590 6159937536 "GET /api/trips/ HTTP/1.1" 200 52
INFO 2025-07-24 13:06:00,375 basehttp 68590 6176763904 "GET /api/trips/ HTTP/1.1" 200 52
INFO 2025-07-24 13:06:19,137 basehttp 68590 6159937536 "GET /api/auth/me/ HTTP/1.1" 200 356
INFO 2025-07-24 13:06:19,148 basehttp 68590 6159937536 "GET /api/auth/me/ HTTP/1.1" 200 356
INFO 2025-07-24 13:06:19,208 basehttp 68590 6159937536 "GET /api/trips/ HTTP/1.1" 200 52
INFO 2025-07-24 13:06:19,212 basehttp 68590 6176763904 "GET /api/trips/ HTTP/1.1" 200 52
INFO 2025-07-24 13:07:14,137 basehttp 68590 6159937536 "POST /api/trips/ HTTP/1.1" 201 239
ERROR 2025-07-24 13:07:14,209 google_places 68590 6159937536 Google Places API key not configured
ERROR 2025-07-24 13:07:14,209 google_places 68590 6159937536 Google Places API key not configured
ERROR 2025-07-24 13:07:14,209 google_places 68590 6159937536 Google Places API key not configured
INFO 2025-07-24 13:07:14,210 basehttp 68590 6159937536 "GET /api/recommendations/?lat=39.8283&lng=-98.5795 HTTP/1.1" 200 55
INFO 2025-07-24 13:07:38,155 basehttp 68590 6159937536 "OPTIONS /api/trips/NaN/stops/ HTTP/1.1" 200 0
WARNING 2025-07-24 13:07:38,163 log 68590 6159937536 Not Found: /api/trips/NaN/stops/
WARNING 2025-07-24 13:07:38,163 basehttp 68590 6159937536 "POST /api/trips/NaN/stops/ HTTP/1.1" 404 5918
WARNING 2025-07-24 13:07:40,927 log 68590 6159937536 Not Found: /api/trips/NaN/stops/
WARNING 2025-07-24 13:07:40,928 basehttp 68590 6159937536 "POST /api/trips/NaN/stops/ HTTP/1.1" 404 5918
WARNING 2025-07-24 13:07:45,193 log 68590 6159937536 Not Found: /api/trips/NaN/stops/
WARNING 2025-07-24 13:07:45,193 basehttp 68590 6159937536 "POST /api/trips/NaN/stops/ HTTP/1.1" 404 5918
INFO 2025-07-24 13:08:29,417 basehttp 68590 6159937536 "POST /api/trips/ HTTP/1.1" 201 204
INFO 2025-07-24 13:12:17,453 basehttp 68590 6159937536 "GET /api/auth/me/ HTTP/1.1" 200 356
INFO 2025-07-24 13:12:17,457 basehttp 68590 6159937536 "GET /api/auth/me/ HTTP/1.1" 200 356
INFO 2025-07-24 13:12:17,562 basehttp 68590 6159937536 "GET /api/trips/ HTTP/1.1" 200 824
INFO 2025-07-24 13:12:17,568 basehttp 68590 6176763904 "GET /api/trips/ HTTP/1.1" 200 824
ERROR 2025-07-24 13:12:17,641 google_places 68590 6176763904 Google Places API key not configured
ERROR 2025-07-24 13:12:17,641 google_places 68590 6176763904 Google Places API key not configured
ERROR 2025-07-24 13:12:17,642 google_places 68590 6176763904 Google Places API key not configured
INFO 2025-07-24 13:12:17,642 basehttp 68590 6176763904 "GET /api/recommendations/?lat=39.8283&lng=-98.5795 HTTP/1.1" 200 55
INFO 2025-07-24 13:21:35,803 basehttp 68590 6159937536 "GET /api/auth/me/ HTTP/1.1" 200 356
INFO 2025-07-24 13:21:35,807 basehttp 68590 6159937536 "GET /api/auth/me/ HTTP/1.1" 200 356
INFO 2025-07-24 13:21:36,106 basehttp 68590 6159937536 "GET /api/trips/ HTTP/1.1" 200 824
INFO 2025-07-24 13:21:36,119 basehttp 68590 6176763904 "GET /api/trips/ HTTP/1.1" 200 824
ERROR 2025-07-24 13:21:36,183 google_places 68590 6176763904 Google Places API key not configured
ERROR 2025-07-24 13:21:36,183 google_places 68590 6176763904 Google Places API key not configured
ERROR 2025-07-24 13:21:36,183 google_places 68590 6176763904 Google Places API key not configured
INFO 2025-07-24 13:21:36,183 basehttp 68590 6176763904 "GET /api/recommendations/?lat=39.8283&lng=-98.5795 HTTP/1.1" 200 55
WARNING 2025-07-25 07:12:34,036 log 68590 6159937536 Unauthorized: /api/auth/me/
WARNING 2025-07-25 07:12:34,038 basehttp 68590 6159937536 "GET /api/auth/me/ HTTP/1.1" 401 172
WARNING 2025-07-25 07:12:34,040 log 68590 6159937536 Unauthorized: /api/auth/me/
WARNING 2025-07-25 07:12:34,040 basehttp 68590 6159937536 "GET /api/auth/me/ HTTP/1.1" 401 172
INFO 2025-07-25 07:27:23,696 basehttp 68590 6159937536 "OPTIONS /api/auth/login/ HTTP/1.1" 200 0
INFO 2025-07-25 07:27:23,961 basehttp 68590 6159937536 "POST /api/auth/login/ HTTP/1.1" 200 858
INFO 2025-07-25 07:27:24,040 basehttp 68590 6159937536 "GET /api/trips/ HTTP/1.1" 200 824
INFO 2025-07-25 07:27:24,046 basehttp 68590 6159937536 "GET /api/trips/ HTTP/1.1" 200 824
ERROR 2025-07-25 07:27:24,138 google_places 68590 6159937536 Google Places API key not configured
ERROR 2025-07-25 07:27:24,138 google_places 68590 6159937536 Google Places API key not configured
ERROR 2025-07-25 07:27:24,138 google_places 68590 6159937536 Google Places API key not configured
INFO 2025-07-25 07:27:24,139 basehttp 68590 6159937536 "GET /api/recommendations/?lat=39.8283&lng=-98.5795 HTTP/1.1" 200 55
INFO 2025-07-25 07:32:58,519 basehttp 68590 6159937536 "GET /api/auth/me/ HTTP/1.1" 200 356
INFO 2025-07-25 07:32:58,523 basehttp 68590 6159937536 "GET /api/auth/me/ HTTP/1.1" 200 356
INFO 2025-07-25 07:32:58,754 basehttp 68590 6159937536 "GET /api/trips/ HTTP/1.1" 200 824
INFO 2025-07-25 07:32:58,759 basehttp 68590 6176763904 "GET /api/trips/ HTTP/1.1" 200 824
ERROR 2025-07-25 07:32:58,856 google_places 68590 6176763904 Google Places API key not configured
ERROR 2025-07-25 07:32:58,856 google_places 68590 6176763904 Google Places API key not configured
ERROR 2025-07-25 07:32:58,856 google_places 68590 6176763904 Google Places API key not configured
INFO 2025-07-25 07:32:58,856 basehttp 68590 6176763904 "GET /api/recommendations/?lat=39.8283&lng=-98.5795 HTTP/1.1" 200 55
INFO 2025-07-25 07:44:39,977 basehttp 68590 6159937536 "GET /api/auth/me/ HTTP/1.1" 200 356
INFO 2025-07-25 07:44:39,987 basehttp 68590 6176763904 "GET /api/auth/me/ HTTP/1.1" 200 356
INFO 2025-07-25 07:44:40,364 basehttp 68590 6176763904 "GET /api/trips/ HTTP/1.1" 200 824
INFO 2025-07-25 07:44:40,369 basehttp 68590 6159937536 "GET /api/trips/ HTTP/1.1" 200 824
ERROR 2025-07-25 07:44:40,512 google_places 68590 6159937536 Google Places API key not configured
ERROR 2025-07-25 07:44:40,512 google_places 68590 6159937536 Google Places API key not configured
ERROR 2025-07-25 07:44:40,513 google_places 68590 6159937536 Google Places API key not configured
INFO 2025-07-25 07:44:40,513 basehttp 68590 6159937536 "GET /api/recommendations/?lat=39.8283&lng=-98.5795 HTTP/1.1" 200 55
INFO 2025-07-25 08:02:27,750 basehttp 68590 6159937536 "GET /api/auth/me/ HTTP/1.1" 200 356
INFO 2025-07-25 08:02:27,754 basehttp 68590 6159937536 "GET /api/auth/me/ HTTP/1.1" 200 356
INFO 2025-07-25 08:02:27,900 basehttp 68590 6159937536 "GET /api/trips/ HTTP/1.1" 200 824
INFO 2025-07-25 08:02:27,904 basehttp 68590 6176763904 "GET /api/trips/ HTTP/1.1" 200 824
ERROR 2025-07-25 08:02:28,003 google_places 68590 6159937536 Google Places API key not configured
ERROR 2025-07-25 08:02:28,003 google_places 68590 6159937536 Google Places API key not configured
ERROR 2025-07-25 08:02:28,003 google_places 68590 6159937536 Google Places API key not configured
INFO 2025-07-25 08:02:28,003 basehttp 68590 6159937536 "GET /api/recommendations/?lat=39.8283&lng=-98.5795 HTTP/1.1" 200 55
INFO 2025-07-25 08:15:52,117 basehttp 68590 6159937536 "GET /api/auth/me/ HTTP/1.1" 200 356
INFO 2025-07-25 08:15:52,123 basehttp 68590 6176763904 "GET /api/auth/me/ HTTP/1.1" 200 356
INFO 2025-07-25 08:15:52,231 basehttp 68590 6176763904 "GET /api/trips/ HTTP/1.1" 200 824
INFO 2025-07-25 08:15:52,242 basehttp 68590 6176763904 "GET /api/trips/ HTTP/1.1" 200 824
ERROR 2025-07-25 08:15:52,332 google_places 68590 6176763904 Google Places API key not configured
ERROR 2025-07-25 08:15:52,332 google_places 68590 6176763904 Google Places API key not configured
ERROR 2025-07-25 08:15:52,332 google_places 68590 6176763904 Google Places API key not configured
INFO 2025-07-25 08:15:52,333 basehttp 68590 6176763904 "GET /api/recommendations/?lat=39.8283&lng=-98.5795 HTTP/1.1" 200 55
WARNING 2025-07-25 09:22:35,636 log 68590 6159937536 Unauthorized: /api/auth/me/
WARNING 2025-07-25 09:22:35,639 basehttp 68590 6159937536 "GET /api/auth/me/ HTTP/1.1" 401 172
WARNING 2025-07-25 09:22:35,642 log 68590 6159937536 Unauthorized: /api/auth/me/
WARNING 2025-07-25 09:22:35,643 basehttp 68590 6159937536 "GET /api/auth/me/ HTTP/1.1" 401 172
INFO 2025-07-28 10:33:12,823 autoreload 13474 8412700416 Watching for file changes with StatReloader
WARNING 2025-07-28 10:33:12,950 google_places 13474 8412700416 Google Maps API key not configured
INFO 2025-07-28 10:33:18,168 basehttp 13474 6129954816 "OPTIONS /api/auth/login/ HTTP/1.1" 200 0
INFO 2025-07-28 10:33:18,473 basehttp 13474 6129954816 "POST /api/auth/login/ HTTP/1.1" 200 858
INFO 2025-07-28 10:33:18,546 basehttp 13474 6129954816 "OPTIONS /api/trips/ HTTP/1.1" 200 0
INFO 2025-07-28 10:33:18,547 basehttp 13474 6146781184 "OPTIONS /api/trips/ HTTP/1.1" 200 0
INFO 2025-07-28 10:33:18,555 basehttp 13474 6129954816 "GET /api/trips/ HTTP/1.1" 200 824
INFO 2025-07-28 10:33:18,560 basehttp 13474 6146781184 "GET /api/trips/ HTTP/1.1" 200 824
INFO 2025-07-28 10:33:18,652 basehttp 13474 6146781184 "OPTIONS /api/recommendations/?lat=39.8283&lng=-98.5795 HTTP/1.1" 200 0
ERROR 2025-07-28 10:33:18,654 google_places 13474 6146781184 Google Places API key not configured
ERROR 2025-07-28 10:33:18,654 google_places 13474 6146781184 Google Places API key not configured
ERROR 2025-07-28 10:33:18,654 google_places 13474 6146781184 Google Places API key not configured
INFO 2025-07-28 10:33:18,655 basehttp 13474 6146781184 "GET /api/recommendations/?lat=39.8283&lng=-98.5795 HTTP/1.1" 200 55
ERROR 2025-07-28 11:11:34,905 google_places 13474 6146781184 Google Places API key not configured
ERROR 2025-07-28 11:11:34,907 google_places 13474 6146781184 Google Places API key not configured
ERROR 2025-07-28 11:11:34,907 google_places 13474 6146781184 Google Places API key not configured
INFO 2025-07-28 11:11:34,908 basehttp 13474 6146781184 "GET /api/recommendations/?lat=39.8283&lng=-98.5795 HTTP/1.1" 200 55
INFO 2025-07-28 11:11:34,927 basehttp 13474 6129954816 "GET /api/trips/ HTTP/1.1" 200 824
ERROR 2025-07-28 11:11:47,886 google_places 13474 6146781184 Google Places API key not configured
ERROR 2025-07-28 11:11:47,887 google_places 13474 6146781184 Google Places API key not configured
ERROR 2025-07-28 11:11:47,887 google_places 13474 6146781184 Google Places API key not configured
INFO 2025-07-28 11:11:47,887 basehttp 13474 6146781184 "GET /api/recommendations/?lat=39.8283&lng=-98.5795 HTTP/1.1" 200 55
INFO 2025-07-28 11:11:47,890 basehttp 13474 6129954816 "GET /api/trips/ HTTP/1.1" 200 824
INFO 2025-07-28 11:12:00,249 basehttp 13474 6146781184 "OPTIONS /api/auth/me/ HTTP/1.1" 200 0
INFO 2025-07-28 11:12:00,250 basehttp 13474 6129954816 "OPTIONS /api/auth/me/ HTTP/1.1" 200 0
INFO 2025-07-28 11:12:00,254 basehttp 13474 6146781184 "GET /api/auth/me/ HTTP/1.1" 200 356
INFO 2025-07-28 11:12:00,257 basehttp 13474 6129954816 "GET /api/auth/me/ HTTP/1.1" 200 356
INFO 2025-07-28 11:12:00,381 basehttp 13474 6129954816 "GET /api/trips/ HTTP/1.1" 200 824
INFO 2025-07-28 11:12:00,385 basehttp 13474 6146781184 "GET /api/trips/ HTTP/1.1" 200 824
ERROR 2025-07-28 11:12:00,492 google_places 13474 6146781184 Google Places API key not configured
ERROR 2025-07-28 11:12:00,492 google_places 13474 6146781184 Google Places API key not configured
ERROR 2025-07-28 11:12:00,492 google_places 13474 6146781184 Google Places API key not configured
INFO 2025-07-28 11:12:00,492 basehttp 13474 6146781184 "GET /api/recommendations/?lat=39.8283&lng=-98.5795 HTTP/1.1" 200 55
INFO 2025-07-28 11:12:23,254 basehttp 13474 6129954816 "GET /api/auth/me/ HTTP/1.1" 200 356
INFO 2025-07-28 11:12:23,266 basehttp 13474 6129954816 "GET /api/auth/me/ HTTP/1.1" 200 356
INFO 2025-07-28 11:12:23,511 basehttp 13474 6129954816 "GET /api/trips/ HTTP/1.1" 200 824
INFO 2025-07-28 11:12:23,544 basehttp 13474 6146781184 "GET /api/trips/ HTTP/1.1" 200 824
ERROR 2025-07-28 11:12:23,575 google_places 13474 6129954816 Google Places API key not configured
ERROR 2025-07-28 11:12:23,577 google_places 13474 6129954816 Google Places API key not configured
ERROR 2025-07-28 11:12:23,577 google_places 13474 6129954816 Google Places API key not configured
INFO 2025-07-28 11:12:23,578 basehttp 13474 6129954816 "GET /api/recommendations/?lat=39.8283&lng=-98.5795 HTTP/1.1" 200 55
INFO 2025-07-28 11:12:26,288 basehttp 13474 6129954816 "GET /api/auth/me/ HTTP/1.1" 200 356
INFO 2025-07-28 11:12:26,292 basehttp 13474 6146781184 "GET /api/auth/me/ HTTP/1.1" 200 356
INFO 2025-07-28 11:12:36,873 basehttp 13474 6129954816 "GET /api/auth/me/ HTTP/1.1" 200 356
INFO 2025-07-28 11:12:36,875 basehttp 13474 6129954816 "GET /api/auth/me/ HTTP/1.1" 200 356
INFO 2025-07-28 11:13:13,828 basehttp 13474 6129954816 "GET /api/auth/me/ HTTP/1.1" 200 356
INFO 2025-07-28 11:13:13,835 basehttp 13474 6129954816 "GET /api/auth/me/ HTTP/1.1" 200 356
INFO 2025-07-28 11:13:15,078 basehttp 13474 6129954816 "GET /api/auth/me/ HTTP/1.1" 200 356
INFO 2025-07-28 11:13:15,095 basehttp 13474 6146781184 "GET /api/auth/me/ HTTP/1.1" 200 356
INFO 2025-07-28 11:13:15,239 basehttp 13474 6146781184 "GET /api/auth/me/ HTTP/1.1" 200 356
INFO 2025-07-28 11:13:15,249 basehttp 13474 6129954816 "GET /api/auth/me/ HTTP/1.1" 200 356
INFO 2025-07-28 11:13:15,304 basehttp 13474 6129954816 "GET /api/trips/ HTTP/1.1" 200 824
INFO 2025-07-28 11:13:15,314 basehttp 13474 6146781184 "GET /api/trips/ HTTP/1.1" 200 824
ERROR 2025-07-28 11:13:15,384 google_places 13474 6146781184 Google Places API key not configured
ERROR 2025-07-28 11:13:15,384 google_places 13474 6146781184 Google Places API key not configured
ERROR 2025-07-28 11:13:15,384 google_places 13474 6146781184 Google Places API key not configured
INFO 2025-07-28 11:13:15,384 basehttp 13474 6146781184 "GET /api/recommendations/?lat=39.8283&lng=-98.5795 HTTP/1.1" 200 55
ERROR 2025-07-28 11:13:26,068 google_places 13474 6129954816 Google Places API key not configured
ERROR 2025-07-28 11:13:26,068 google_places 13474 6129954816 Google Places API key not configured
ERROR 2025-07-28 11:13:26,068 google_places 13474 6129954816 Google Places API key not configured
INFO 2025-07-28 11:13:26,069 basehttp 13474 6129954816 "GET /api/recommendations/?lat=39.8283&lng=-98.5795 HTTP/1.1" 200 55
ERROR 2025-07-28 11:13:27,719 google_places 13474 6129954816 Google Places API key not configured
ERROR 2025-07-28 11:13:27,719 google_places 13474 6129954816 Google Places API key not configured
ERROR 2025-07-28 11:13:27,719 google_places 13474 6129954816 Google Places API key not configured
INFO 2025-07-28 11:13:27,719 basehttp 13474 6129954816 "GET /api/recommendations/?lat=39.8283&lng=-98.5795 HTTP/1.1" 200 55
ERROR 2025-07-28 11:13:28,718 google_places 13474 6129954816 Google Places API key not configured
ERROR 2025-07-28 11:13:28,718 google_places 13474 6129954816 Google Places API key not configured
ERROR 2025-07-28 11:13:28,718 google_places 13474 6129954816 Google Places API key not configured
INFO 2025-07-28 11:13:28,718 basehttp 13474 6129954816 "GET /api/recommendations/?lat=39.8283&lng=-98.5795 HTTP/1.1" 200 55
ERROR 2025-07-28 11:14:20,880 google_places 13474 6146781184 Google Places API key not configured
ERROR 2025-07-28 11:14:20,882 google_places 13474 6146781184 Google Places API key not configured
ERROR 2025-07-28 11:14:20,882 google_places 13474 6146781184 Google Places API key not configured
INFO 2025-07-28 11:14:20,882 basehttp 13474 6146781184 "GET /api/recommendations/?lat=39.8283&lng=-98.5795 HTTP/1.1" 200 55
INFO 2025-07-28 11:14:20,886 basehttp 13474 6129954816 "GET /api/trips/ HTTP/1.1" 200 824
ERROR 2025-07-28 11:14:20,979 google_places 13474 6129954816 Google Places API key not configured
ERROR 2025-07-28 11:14:20,979 google_places 13474 6129954816 Google Places API key not configured
ERROR 2025-07-28 11:14:20,979 google_places 13474 6129954816 Google Places API key not configured
INFO 2025-07-28 11:14:20,979 basehttp 13474 6129954816 "GET /api/recommendations/?lat=39.8283&lng=-98.5795 HTTP/1.1" 200 55
ERROR 2025-07-28 11:14:32,979 google_places 13474 6146781184 Google Places API key not configured
ERROR 2025-07-28 11:14:32,983 google_places 13474 6146781184 Google Places API key not configured
ERROR 2025-07-28 11:14:32,986 google_places 13474 6146781184 Google Places API key not configured
INFO 2025-07-28 11:14:32,989 basehttp 13474 6146781184 "GET /api/recommendations/?lat=39.8283&lng=-98.5795 HTTP/1.1" 200 55
INFO 2025-07-28 11:14:32,995 basehttp 13474 6129954816 "GET /api/trips/ HTTP/1.1" 200 824
ERROR 2025-07-28 11:14:33,884 google_places 13474 6146781184 Google Places API key not configured
ERROR 2025-07-28 11:14:33,884 google_places 13474 6146781184 Google Places API key not configured
ERROR 2025-07-28 11:14:33,884 google_places 13474 6146781184 Google Places API key not configured
INFO 2025-07-28 11:14:33,884 basehttp 13474 6146781184 "GET /api/recommendations/?lat=39.8283&lng=-98.5795 HTTP/1.1" 200 55
INFO 2025-07-28 11:14:33,887 basehttp 13474 6129954816 "GET /api/trips/ HTTP/1.1" 200 824
INFO 2025-07-28 11:14:41,343 basehttp 13474 6129954816 "GET /api/auth/me/ HTTP/1.1" 200 356
INFO 2025-07-28 11:14:41,345 basehttp 13474 6129954816 "GET /api/auth/me/ HTTP/1.1" 200 356
INFO 2025-07-28 11:14:41,457 basehttp 13474 6129954816 "GET /api/trips/ HTTP/1.1" 200 824
INFO 2025-07-28 11:14:41,463 basehttp 13474 6146781184 "GET /api/trips/ HTTP/1.1" 200 824
ERROR 2025-07-28 11:14:41,546 google_places 13474 6146781184 Google Places API key not configured
ERROR 2025-07-28 11:14:41,546 google_places 13474 6146781184 Google Places API key not configured
ERROR 2025-07-28 11:14:41,546 google_places 13474 6146781184 Google Places API key not configured
INFO 2025-07-28 11:14:41,546 basehttp 13474 6146781184 "GET /api/recommendations/?lat=39.8283&lng=-98.5795 HTTP/1.1" 200 55
INFO 2025-07-28 11:14:53,854 basehttp 13474 6129954816 "OPTIONS /api/trips/13/stops/ HTTP/1.1" 200 0
WARNING 2025-07-28 11:14:53,861 log 13474 6129954816 Bad Request: /api/trips/13/stops/
WARNING 2025-07-28 11:14:53,861 basehttp 13474 6129954816 "POST /api/trips/13/stops/ HTTP/1.1" 400 37
ERROR 2025-07-28 11:15:19,887 google_places 13474 6146781184 Google Places API key not configured
ERROR 2025-07-28 11:15:19,887 google_places 13474 6146781184 Google Places API key not configured
ERROR 2025-07-28 11:15:19,887 google_places 13474 6146781184 Google Places API key not configured
INFO 2025-07-28 11:15:19,889 basehttp 13474 6146781184 "GET /api/recommendations/?lat=39.8283&lng=-98.5795 HTTP/1.1" 200 55
INFO 2025-07-28 11:15:19,892 basehttp 13474 6129954816 "GET /api/trips/ HTTP/1.1" 200 824
INFO 2025-07-28 11:15:23,611 basehttp 13474 6129954816 "GET /api/auth/me/ HTTP/1.1" 200 356
INFO 2025-07-28 11:15:23,613 basehttp 13474 6129954816 "GET /api/auth/me/ HTTP/1.1" 200 356
INFO 2025-07-28 11:15:23,719 basehttp 13474 6129954816 "GET /api/trips/ HTTP/1.1" 200 824
INFO 2025-07-28 11:15:23,725 basehttp 13474 6146781184 "GET /api/trips/ HTTP/1.1" 200 824
ERROR 2025-07-28 11:15:23,795 google_places 13474 6146781184 Google Places API key not configured
ERROR 2025-07-28 11:15:23,795 google_places 13474 6146781184 Google Places API key not configured
ERROR 2025-07-28 11:15:23,795 google_places 13474 6146781184 Google Places API key not configured
INFO 2025-07-28 11:15:23,795 basehttp 13474 6146781184 "GET /api/recommendations/?lat=39.8283&lng=-98.5795 HTTP/1.1" 200 55
ERROR 2025-07-28 11:15:52,874 google_places 13474 6146781184 Google Places API key not configured
ERROR 2025-07-28 11:15:52,875 google_places 13474 6146781184 Google Places API key not configured
ERROR 2025-07-28 11:15:52,875 google_places 13474 6146781184 Google Places API key not configured
INFO 2025-07-28 11:15:52,876 basehttp 13474 6146781184 "GET /api/recommendations/?lat=39.8283&lng=-98.5795 HTTP/1.1" 200 55
INFO 2025-07-28 11:15:52,880 basehttp 13474 6129954816 "GET /api/trips/ HTTP/1.1" 200 824
INFO 2025-07-28 11:18:36,347 basehttp 13474 6129954816 "GET /api/auth/me/ HTTP/1.1" 200 356
INFO 2025-07-28 11:18:36,351 basehttp 13474 6146781184 "GET /api/auth/me/ HTTP/1.1" 200 356
INFO 2025-07-28 11:18:36,466 basehttp 13474 6146781184 "GET /api/trips/ HTTP/1.1" 200 824
INFO 2025-07-28 11:18:36,471 basehttp 13474 6129954816 "GET /api/trips/ HTTP/1.1" 200 824
ERROR 2025-07-28 11:18:36,547 google_places 13474 6129954816 Google Places API key not configured
ERROR 2025-07-28 11:18:36,547 google_places 13474 6129954816 Google Places API key not configured
ERROR 2025-07-28 11:18:36,547 google_places 13474 6129954816 Google Places API key not configured
INFO 2025-07-28 11:18:36,547 basehttp 13474 6129954816 "GET /api/recommendations/?lat=39.8283&lng=-98.5795 HTTP/1.1" 200 55
INFO 2025-07-28 11:19:27,493 basehttp 13474 6129954816 "GET /api/auth/me/ HTTP/1.1" 200 356
INFO 2025-07-28 11:19:27,496 basehttp 13474 6129954816 "GET /api/auth/me/ HTTP/1.1" 200 356
INFO 2025-07-28 11:19:27,660 basehttp 13474 6129954816 "GET /api/trips/ HTTP/1.1" 200 824
INFO 2025-07-28 11:19:27,674 basehttp 13474 6146781184 "GET /api/trips/ HTTP/1.1" 200 824
ERROR 2025-07-28 11:19:27,745 google_places 13474 6146781184 Google Places API key not configured
ERROR 2025-07-28 11:19:27,747 google_places 13474 6146781184 Google Places API key not configured
ERROR 2025-07-28 11:19:27,747 google_places 13474 6146781184 Google Places API key not configured
INFO 2025-07-28 11:19:27,748 basehttp 13474 6146781184 "GET /api/recommendations/?lat=39.8283&lng=-98.5795 HTTP/1.1" 200 55
WARNING 2025-07-28 11:19:35,056 log 13474 6129954816 Bad Request: /api/trips/13/stops/
WARNING 2025-07-28 11:19:35,072 basehttp 13474 6129954816 "POST /api/trips/13/stops/ HTTP/1.1" 400 37
WARNING 2025-07-28 11:19:37,807 log 13474 6129954816 Bad Request: /api/trips/13/stops/
WARNING 2025-07-28 11:19:37,807 basehttp 13474 6129954816 "POST /api/trips/13/stops/ HTTP/1.1" 400 37
ERROR 2025-07-28 11:19:58,875 google_places 13474 6146781184 Google Places API key not configured
ERROR 2025-07-28 11:19:58,876 google_places 13474 6146781184 Google Places API key not configured
ERROR 2025-07-28 11:19:58,876 google_places 13474 6146781184 Google Places API key not configured
INFO 2025-07-28 11:19:58,877 basehttp 13474 6146781184 "GET /api/recommendations/?lat=39.8283&lng=-98.5795 HTTP/1.1" 200 55
INFO 2025-07-28 11:19:58,878 basehttp 13474 6129954816 "GET /api/trips/ HTTP/1.1" 200 824
ERROR 2025-07-28 11:22:07,871 google_places 13474 6146781184 Google Places API key not configured
ERROR 2025-07-28 11:22:07,876 google_places 13474 6146781184 Google Places API key not configured
ERROR 2025-07-28 11:22:07,876 google_places 13474 6146781184 Google Places API key not configured
INFO 2025-07-28 11:22:07,877 basehttp 13474 6146781184 "GET /api/recommendations/?lat=39.8283&lng=-98.5795 HTTP/1.1" 200 55
INFO 2025-07-28 11:22:07,887 basehttp 13474 6129954816 "GET /api/trips/ HTTP/1.1" 200 824
ERROR 2025-07-28 11:22:47,856 google_places 13474 6146781184 Google Places API key not configured
ERROR 2025-07-28 11:22:47,857 google_places 13474 6146781184 Google Places API key not configured
ERROR 2025-07-28 11:22:47,857 google_places 13474 6146781184 Google Places API key not configured
INFO 2025-07-28 11:22:47,858 basehttp 13474 6146781184 "GET /api/recommendations/?lat=39.8283&lng=-98.5795 HTTP/1.1" 200 55
INFO 2025-07-28 11:22:47,864 basehttp 13474 6129954816 "GET /api/trips/ HTTP/1.1" 200 824
INFO 2025-07-28 11:23:19,851 basehttp 13474 6146781184 "OPTIONS /api/recommendations/?lat=-1.2921&lng=36.8219 HTTP/1.1" 200 0
ERROR 2025-07-28 11:23:19,854 google_places 13474 6146781184 Google Places API key not configured
ERROR 2025-07-28 11:23:19,854 google_places 13474 6146781184 Google Places API key not configured
ERROR 2025-07-28 11:23:19,855 google_places 13474 6146781184 Google Places API key not configured
INFO 2025-07-28 11:23:19,856 basehttp 13474 6146781184 "GET /api/recommendations/?lat=-1.2921&lng=36.8219 HTTP/1.1" 200 55
INFO 2025-07-28 11:23:19,858 basehttp 13474 6129954816 "GET /api/trips/ HTTP/1.1" 200 824
INFO 2025-07-28 11:23:55,573 basehttp 13474 6129954816 "GET /api/auth/me/ HTTP/1.1" 200 356
INFO 2025-07-28 11:23:55,577 basehttp 13474 6129954816 "GET /api/auth/me/ HTTP/1.1" 200 356
INFO 2025-07-28 11:23:55,927 basehttp 13474 6129954816 "GET /api/trips/ HTTP/1.1" 200 824
INFO 2025-07-28 11:23:55,933 basehttp 13474 6129954816 "GET /api/trips/ HTTP/1.1" 200 824
ERROR 2025-07-28 11:23:56,006 google_places 13474 6129954816 Google Places API key not configured
ERROR 2025-07-28 11:23:56,006 google_places 13474 6129954816 Google Places API key not configured
ERROR 2025-07-28 11:23:56,006 google_places 13474 6129954816 Google Places API key not configured
INFO 2025-07-28 11:23:56,007 basehttp 13474 6129954816 "GET /api/recommendations/?lat=-1.2921&lng=36.8219 HTTP/1.1" 200 55
WARNING 2025-07-28 11:24:07,956 log 13474 6129954816 Bad Request: /api/trips/13/stops/
WARNING 2025-07-28 11:24:07,957 basehttp 13474 6129954816 "POST /api/trips/13/stops/ HTTP/1.1" 400 37
ERROR 2025-07-28 11:24:12,052 google_places 13474 6146781184 Google Places API key not configured
ERROR 2025-07-28 11:24:12,054 google_places 13474 6146781184 Google Places API key not configured
ERROR 2025-07-28 11:24:12,054 google_places 13474 6146781184 Google Places API key not configured
INFO 2025-07-28 11:24:12,055 basehttp 13474 6146781184 "GET /api/recommendations/?lat=-1.2921&lng=36.8219 HTTP/1.1" 200 55
INFO 2025-07-28 11:24:12,073 basehttp 13474 6129954816 "GET /api/trips/ HTTP/1.1" 200 824
WARNING 2025-07-28 11:24:17,835 log 13474 6129954816 Bad Request: /api/trips/13/stops/
WARNING 2025-07-28 11:24:17,835 basehttp 13474 6129954816 "POST /api/trips/13/stops/ HTTP/1.1" 400 37
WARNING 2025-07-28 11:24:19,587 log 13474 6129954816 Bad Request: /api/trips/13/stops/
WARNING 2025-07-28 11:24:19,587 basehttp 13474 6129954816 "POST /api/trips/13/stops/ HTTP/1.1" 400 37
INFO 2025-07-28 11:25:23,859 basehttp 13474 6129954816 "GET /api/auth/me/ HTTP/1.1" 200 356
INFO 2025-07-28 11:25:23,862 basehttp 13474 6129954816 "GET /api/auth/me/ HTTP/1.1" 200 356
INFO 2025-07-28 11:25:23,969 basehttp 13474 6129954816 "GET /api/trips/ HTTP/1.1" 200 824
INFO 2025-07-28 11:25:23,975 basehttp 13474 6146781184 "GET /api/trips/ HTTP/1.1" 200 824
ERROR 2025-07-28 11:25:24,077 google_places 13474 6146781184 Google Places API key not configured
ERROR 2025-07-28 11:25:24,077 google_places 13474 6146781184 Google Places API key not configured
ERROR 2025-07-28 11:25:24,077 google_places 13474 6146781184 Google Places API key not configured
INFO 2025-07-28 11:25:24,078 basehttp 13474 6146781184 "GET /api/recommendations/?lat=-1.2921&lng=36.8219 HTTP/1.1" 200 55
INFO 2025-07-28 11:26:45,521 basehttp 13474 6129954816 "GET /api/trips/ HTTP/1.1" 200 824
INFO 2025-07-28 11:26:45,537 basehttp 13474 6129954816 "GET /api/trips/ HTTP/1.1" 200 824
ERROR 2025-07-28 11:26:45,542 google_places 13474 6129954816 Google Places API key not configured
ERROR 2025-07-28 11:26:45,543 google_places 13474 6129954816 Google Places API key not configured
ERROR 2025-07-28 11:26:45,543 google_places 13474 6129954816 Google Places API key not configured
INFO 2025-07-28 11:26:45,543 basehttp 13474 6129954816 "GET /api/recommendations/?lat=-1.2921&lng=36.8219 HTTP/1.1" 200 55
ERROR 2025-07-28 11:27:10,333 google_places 13474 6146781184 Google Places API key not configured
ERROR 2025-07-28 11:27:10,333 google_places 13474 6146781184 Google Places API key not configured
ERROR 2025-07-28 11:27:10,333 google_places 13474 6146781184 Google Places API key not configured
INFO 2025-07-28 11:27:10,336 basehttp 13474 6146781184 "GET /api/recommendations/?lat=-1.2921&lng=36.8219 HTTP/1.1" 200 55
INFO 2025-07-28 11:27:10,337 basehttp 13474 6129954816 "GET /api/trips/ HTTP/1.1" 200 824
WARNING 2025-07-28 11:27:41,831 log 13474 6129954816 Bad Request: /api/trips/13/stops/
WARNING 2025-07-28 11:27:41,831 basehttp 13474 6129954816 "POST /api/trips/13/stops/ HTTP/1.1" 400 37
ERROR 2025-07-28 11:29:34,850 google_places 13474 6146781184 Google Places API key not configured
ERROR 2025-07-28 11:29:34,852 google_places 13474 6146781184 Google Places API key not configured
ERROR 2025-07-28 11:29:34,852 google_places 13474 6146781184 Google Places API key not configured
INFO 2025-07-28 11:29:34,854 basehttp 13474 6146781184 "GET /api/recommendations/?lat=-1.2921&lng=36.8219 HTTP/1.1" 200 55
INFO 2025-07-28 11:29:34,863 basehttp 13474 6129954816 "GET /api/trips/ HTTP/1.1" 200 824
INFO 2025-07-28 11:29:44,865 basehttp 13474 6129954816 "GET /api/auth/me/ HTTP/1.1" 200 356
INFO 2025-07-28 11:29:44,869 basehttp 13474 6129954816 "GET /api/auth/me/ HTTP/1.1" 200 356
INFO 2025-07-28 11:29:44,982 basehttp 13474 6129954816 "GET /api/trips/ HTTP/1.1" 200 824
INFO 2025-07-28 11:29:44,987 basehttp 13474 6146781184 "GET /api/trips/ HTTP/1.1" 200 824
ERROR 2025-07-28 11:29:45,068 google_places 13474 6146781184 Google Places API key not configured
ERROR 2025-07-28 11:29:45,068 google_places 13474 6146781184 Google Places API key not configured
ERROR 2025-07-28 11:29:45,068 google_places 13474 6146781184 Google Places API key not configured
INFO 2025-07-28 11:29:45,069 basehttp 13474 6146781184 "GET /api/recommendations/?lat=-1.2921&lng=36.8219 HTTP/1.1" 200 55
WARNING 2025-07-28 11:31:08,118 log 13474 6129954816 Bad Request: /api/trips/13/stops/
WARNING 2025-07-28 11:31:08,119 basehttp 13474 6129954816 "POST /api/trips/13/stops/ HTTP/1.1" 400 37
WARNING 2025-07-28 11:31:15,143 log 13474 6129954816 Bad Request: /api/trips/13/stops/
WARNING 2025-07-28 11:31:15,143 basehttp 13474 6129954816 "POST /api/trips/13/stops/ HTTP/1.1" 400 37
WARNING 2025-07-28 11:31:21,608 log 13474 6129954816 Bad Request: /api/trips/13/stops/
WARNING 2025-07-28 11:31:21,608 basehttp 13474 6129954816 "POST /api/trips/13/stops/ HTTP/1.1" 400 37
WARNING 2025-07-28 11:33:49,846 log 13474 6129954816 Unauthorized: /api/trips/
WARNING 2025-07-28 11:33:49,849 log 13474 6146781184 Unauthorized: /api/recommendations/
WARNING 2025-07-28 11:33:49,850 basehttp 13474 6146781184 "GET /api/recommendations/?lat=-1.2921&lng=36.8219 HTTP/1.1" 401 172
WARNING 2025-07-28 11:33:49,850 basehttp 13474 6129954816 "GET /api/trips/ HTTP/1.1" 401 172
WARNING 2025-07-28 11:34:09,273 log 13474 6129954816 Unauthorized: /api/auth/me/
WARNING 2025-07-28 11:34:09,273 basehttp 13474 6129954816 "GET /api/auth/me/ HTTP/1.1" 401 172
WARNING 2025-07-28 11:34:09,275 log 13474 6129954816 Unauthorized: /api/auth/me/
WARNING 2025-07-28 11:34:09,275 basehttp 13474 6129954816 "GET /api/auth/me/ HTTP/1.1" 401 172
INFO 2025-07-28 11:34:12,793 basehttp 13474 6129954816 "POST /api/auth/login/ HTTP/1.1" 200 858
INFO 2025-07-28 11:34:12,862 basehttp 13474 6129954816 "GET /api/trips/ HTTP/1.1" 200 824
INFO 2025-07-28 11:34:12,867 basehttp 13474 6129954816 "GET /api/trips/ HTTP/1.1" 200 824
ERROR 2025-07-28 11:34:12,939 google_places 13474 6129954816 Google Places API key not configured
ERROR 2025-07-28 11:34:12,939 google_places 13474 6129954816 Google Places API key not configured
ERROR 2025-07-28 11:34:12,939 google_places 13474 6129954816 Google Places API key not configured
INFO 2025-07-28 11:34:12,940 basehttp 13474 6129954816 "GET /api/recommendations/?lat=-1.2921&lng=36.8219 HTTP/1.1" 200 55
WARNING 2025-07-28 11:34:28,516 log 13474 6129954816 Bad Request: /api/trips/13/stops/
WARNING 2025-07-28 11:34:28,516 basehttp 13474 6129954816 "POST /api/trips/13/stops/ HTTP/1.1" 400 37
WARNING 2025-07-28 11:34:29,898 log 13474 6129954816 Bad Request: /api/trips/13/stops/
WARNING 2025-07-28 11:34:29,898 basehttp 13474 6129954816 "POST /api/trips/13/stops/ HTTP/1.1" 400 37
INFO 2025-07-28 11:50:12,655 basehttp 13474 6129954816 "GET /api/auth/me/ HTTP/1.1" 200 356
INFO 2025-07-28 11:50:12,659 basehttp 13474 6129954816 "GET /api/auth/me/ HTTP/1.1" 200 356
INFO 2025-07-28 11:50:12,773 basehttp 13474 6129954816 "GET /api/trips/ HTTP/1.1" 200 824
INFO 2025-07-28 11:50:12,780 basehttp 13474 6146781184 "GET /api/trips/ HTTP/1.1" 200 824
ERROR 2025-07-28 11:50:12,864 google_places 13474 6146781184 Google Places API key not configured
ERROR 2025-07-28 11:50:12,864 google_places 13474 6146781184 Google Places API key not configured
ERROR 2025-07-28 11:50:12,864 google_places 13474 6146781184 Google Places API key not configured
INFO 2025-07-28 11:50:12,864 basehttp 13474 6146781184 "GET /api/recommendations/?lat=-1.2921&lng=36.8219 HTTP/1.1" 200 55
WARNING 2025-07-28 11:50:20,546 log 13474 6129954816 Bad Request: /api/trips/13/stops/
WARNING 2025-07-28 11:50:20,546 basehttp 13474 6129954816 "POST /api/trips/13/stops/ HTTP/1.1" 400 37
WARNING 2025-07-28 11:50:26,010 log 13474 6129954816 Bad Request: /api/trips/13/stops/
WARNING 2025-07-28 11:50:26,010 basehttp 13474 6129954816 "POST /api/trips/13/stops/ HTTP/1.1" 400 37
WARNING 2025-07-28 11:50:27,797 log 13474 6129954816 Bad Request: /api/trips/13/stops/
WARNING 2025-07-28 11:50:27,798 basehttp 13474 6129954816 "POST /api/trips/13/stops/ HTTP/1.1" 400 37
WARNING 2025-07-28 11:50:52,466 log 13474 6129954816 Bad Request: /api/trips/13/stops/
WARNING 2025-07-28 11:50:52,466 basehttp 13474 6129954816 "POST /api/trips/13/stops/ HTTP/1.1" 400 37
INFO 2025-07-28 11:54:22,893 basehttp 13474 6129954816 "GET /api/auth/me/ HTTP/1.1" 200 356
INFO 2025-07-28 11:54:22,896 basehttp 13474 6129954816 "GET /api/auth/me/ HTTP/1.1" 200 356
INFO 2025-07-28 11:54:23,006 basehttp 13474 6129954816 "GET /api/trips/ HTTP/1.1" 200 824
INFO 2025-07-28 11:54:23,012 basehttp 13474 6146781184 "GET /api/trips/ HTTP/1.1" 200 824
ERROR 2025-07-28 11:54:23,094 google_places 13474 6146781184 Google Places API key not configured
ERROR 2025-07-28 11:54:23,094 google_places 13474 6146781184 Google Places API key not configured
ERROR 2025-07-28 11:54:23,094 google_places 13474 6146781184 Google Places API key not configured
INFO 2025-07-28 11:54:23,094 basehttp 13474 6146781184 "GET /api/recommendations/?lat=-1.2921&lng=36.8219 HTTP/1.1" 200 55
WARNING 2025-07-28 11:54:28,144 log 13474 6129954816 Bad Request: /api/trips/13/stops/
WARNING 2025-07-28 11:54:28,144 basehttp 13474 6129954816 "POST /api/trips/13/stops/ HTTP/1.1" 400 37
WARNING 2025-07-28 11:54:31,803 log 13474 6129954816 Bad Request: /api/trips/13/stops/
WARNING 2025-07-28 11:54:31,803 basehttp 13474 6129954816 "POST /api/trips/13/stops/ HTTP/1.1" 400 37
WARNING 2025-07-28 11:55:05,689 log 13474 6129954816 Bad Request: /api/trips/13/stops/
WARNING 2025-07-28 11:55:05,689 basehttp 13474 6129954816 "POST /api/trips/13/stops/ HTTP/1.1" 400 37
INFO 2025-07-28 11:55:21,875 basehttp 13474 6129954816 "GET /api/auth/me/ HTTP/1.1" 200 356
INFO 2025-07-28 11:55:21,878 basehttp 13474 6146781184 "GET /api/auth/me/ HTTP/1.1" 200 356
INFO 2025-07-28 11:55:21,981 basehttp 13474 6146781184 "GET /api/trips/ HTTP/1.1" 200 824
INFO 2025-07-28 11:55:21,986 basehttp 13474 6129954816 "GET /api/trips/ HTTP/1.1" 200 824
ERROR 2025-07-28 11:55:22,062 google_places 13474 6129954816 Google Places API key not configured
ERROR 2025-07-28 11:55:22,063 google_places 13474 6129954816 Google Places API key not configured
ERROR 2025-07-28 11:55:22,063 google_places 13474 6129954816 Google Places API key not configured
INFO 2025-07-28 11:55:22,063 basehttp 13474 6129954816 "GET /api/recommendations/?lat=-1.2921&lng=36.8219 HTTP/1.1" 200 55
WARNING 2025-07-28 11:56:33,489 log 13474 6129954816 Bad Request: /api/trips/13/stops/
WARNING 2025-07-28 11:56:33,489 basehttp 13474 6129954816 "POST /api/trips/13/stops/ HTTP/1.1" 400 37
WARNING 2025-07-28 11:57:13,253 log 13474 6129954816 Bad Request: /api/trips/13/stops/
WARNING 2025-07-28 11:57:13,253 basehttp 13474 6129954816 "POST /api/trips/13/stops/ HTTP/1.1" 400 37
WARNING 2025-07-28 11:57:14,257 log 13474 6129954816 Bad Request: /api/trips/13/stops/
WARNING 2025-07-28 11:57:14,258 basehttp 13474 6129954816 "POST /api/trips/13/stops/ HTTP/1.1" 400 37
WARNING 2025-07-28 11:57:29,123 log 13474 6129954816 Bad Request: /api/trips/13/stops/
WARNING 2025-07-28 11:57:29,123 basehttp 13474 6129954816 "POST /api/trips/13/stops/ HTTP/1.1" 400 37
INFO 2025-07-28 12:14:33,353 basehttp 13474 6129954816 "GET /api/auth/me/ HTTP/1.1" 200 356
INFO 2025-07-28 12:14:33,356 basehttp 13474 6129954816 "GET /api/auth/me/ HTTP/1.1" 200 356
INFO 2025-07-28 12:14:33,496 basehttp 13474 6129954816 "GET /api/trips/ HTTP/1.1" 200 824
INFO 2025-07-28 12:14:33,503 basehttp 13474 6146781184 "GET /api/trips/ HTTP/1.1" 200 824
ERROR 2025-07-28 12:14:33,575 google_places 13474 6146781184 Google Places API key not configured
ERROR 2025-07-28 12:14:33,575 google_places 13474 6146781184 Google Places API key not configured
ERROR 2025-07-28 12:14:33,575 google_places 13474 6146781184 Google Places API key not configured
INFO 2025-07-28 12:14:33,575 basehttp 13474 6146781184 "GET /api/recommendations/?lat=-1.2921&lng=36.8219 HTTP/1.1" 200 55
WARNING 2025-07-28 12:14:37,369 log 13474 6146781184 Bad Request: /api/trips/13/stops/
WARNING 2025-07-28 12:14:37,369 basehttp 13474 6146781184 "POST /api/trips/13/stops/ HTTP/1.1" 400 37
WARNING 2025-07-28 12:14:48,504 log 13474 6129954816 Bad Request: /api/trips/13/stops/
WARNING 2025-07-28 12:14:48,505 basehttp 13474 6129954816 "POST /api/trips/13/stops/ HTTP/1.1" 400 37
WARNING 2025-07-28 12:14:50,405 log 13474 6129954816 Bad Request: /api/trips/13/stops/
WARNING 2025-07-28 12:14:50,405 basehttp 13474 6129954816 "POST /api/trips/13/stops/ HTTP/1.1" 400 37
WARNING 2025-07-28 12:15:00,758 log 13474 6129954816 Bad Request: /api/trips/13/stops/
WARNING 2025-07-28 12:15:00,759 basehttp 13474 6129954816 "POST /api/trips/13/stops/ HTTP/1.1" 400 37
WARNING 2025-07-28 12:15:19,770 log 13474 6129954816 Bad Request: /api/trips/13/stops/
WARNING 2025-07-28 12:15:19,770 basehttp 13474 6129954816 "POST /api/trips/13/stops/ HTTP/1.1" 400 37
WARNING 2025-07-28 12:15:21,935 log 13474 6129954816 Bad Request: /api/trips/13/stops/
WARNING 2025-07-28 12:15:21,936 basehttp 13474 6129954816 "POST /api/trips/13/stops/ HTTP/1.1" 400 37
WARNING 2025-07-28 12:15:40,657 log 13474 6129954816 Bad Request: /api/trips/13/stops/
WARNING 2025-07-28 12:15:40,657 basehttp 13474 6129954816 "POST /api/trips/13/stops/ HTTP/1.1" 400 37
WARNING 2025-07-28 12:15:45,088 log 13474 6129954816 Bad Request: /api/trips/13/stops/
WARNING 2025-07-28 12:15:45,089 log 13474 6146781184 Bad Request: /api/trips/13/stops/
WARNING 2025-07-28 12:15:45,089 basehttp 13474 6146781184 "POST /api/trips/13/stops/ HTTP/1.1" 400 37
WARNING 2025-07-28 12:15:45,090 basehttp 13474 6129954816 "POST /api/trips/13/stops/ HTTP/1.1" 400 37
INFO 2025-07-28 12:15:53,178 basehttp 13474 6129954816 "GET /api/auth/me/ HTTP/1.1" 200 356
INFO 2025-07-28 12:15:53,181 basehttp 13474 6129954816 "GET /api/auth/me/ HTTP/1.1" 200 356
INFO 2025-07-28 12:15:53,303 basehttp 13474 6129954816 "GET /api/trips/ HTTP/1.1" 200 824
INFO 2025-07-28 12:15:53,308 basehttp 13474 6146781184 "GET /api/trips/ HTTP/1.1" 200 824
ERROR 2025-07-28 12:15:53,389 google_places 13474 6146781184 Google Places API key not configured
ERROR 2025-07-28 12:15:53,389 google_places 13474 6146781184 Google Places API key not configured
ERROR 2025-07-28 12:15:53,389 google_places 13474 6146781184 Google Places API key not configured
INFO 2025-07-28 12:15:53,389 basehttp 13474 6146781184 "GET /api/recommendations/?lat=-1.2921&lng=36.8219 HTTP/1.1" 200 55
WARNING 2025-07-28 12:16:00,655 log 13474 6129954816 Bad Request: /api/trips/13/stops/
WARNING 2025-07-28 12:16:00,655 basehttp 13474 6129954816 "POST /api/trips/13/stops/ HTTP/1.1" 400 37
WARNING 2025-07-28 12:16:04,170 log 13474 6129954816 Bad Request: /api/trips/13/stops/
WARNING 2025-07-28 12:16:04,171 basehttp 13474 6129954816 "POST /api/trips/13/stops/ HTTP/1.1" 400 37
WARNING 2025-07-28 12:16:09,237 log 13474 6129954816 Bad Request: /api/trips/13/stops/
WARNING 2025-07-28 12:16:09,238 log 13474 6146781184 Bad Request: /api/trips/13/stops/
WARNING 2025-07-28 12:16:09,238 basehttp 13474 6129954816 "POST /api/trips/13/stops/ HTTP/1.1" 400 37
WARNING 2025-07-28 12:16:09,238 basehttp 13474 6146781184 "POST /api/trips/13/stops/ HTTP/1.1" 400 37
INFO 2025-07-28 12:18:03,569 basehttp 13474 6129954816 "GET /api/auth/me/ HTTP/1.1" 200 356
INFO 2025-07-28 12:18:03,572 basehttp 13474 6129954816 "GET /api/auth/me/ HTTP/1.1" 200 356
INFO 2025-07-28 12:18:03,689 basehttp 13474 6129954816 "GET /api/trips/ HTTP/1.1" 200 824
INFO 2025-07-28 12:18:03,694 basehttp 13474 6146781184 "GET /api/trips/ HTTP/1.1" 200 824
ERROR 2025-07-28 12:18:03,783 google_places 13474 6146781184 Google Places API key not configured
ERROR 2025-07-28 12:18:03,783 google_places 13474 6146781184 Google Places API key not configured
ERROR 2025-07-28 12:18:03,783 google_places 13474 6146781184 Google Places API key not configured
INFO 2025-07-28 12:18:03,783 basehttp 13474 6146781184 "GET /api/recommendations/?lat=-1.2921&lng=36.8219 HTTP/1.1" 200 55
WARNING 2025-07-28 12:18:11,847 log 13474 6129954816 Unauthorized: /api/trips/
WARNING 2025-07-28 12:18:11,847 basehttp 13474 6129954816 "GET /api/trips/ HTTP/1.1" 401 172
WARNING 2025-07-28 12:18:16,226 log 13474 6129954816 Bad Request: /api/auth/login/
WARNING 2025-07-28 12:18:16,227 basehttp 13474 6129954816 "POST /api/auth/login/ HTTP/1.1" 400 37
INFO 2025-07-28 12:18:39,327 basehttp 13474 6129954816 "POST /api/auth/login/ HTTP/1.1" 200 858
INFO 2025-07-28 12:18:47,464 basehttp 13474 6129954816 "GET /api/trips/ HTTP/1.1" 200 824
INFO 2025-07-28 12:18:56,895 basehttp 13474 6129954816 "DELETE /api/trips/13/ HTTP/1.1" 204 0
INFO 2025-07-28 12:19:00,027 basehttp 13474 6129954816 "DELETE /api/trips/12/ HTTP/1.1" 204 0
INFO 2025-07-28 12:19:02,605 basehttp 13474 6129954816 "GET /api/trips/ HTTP/1.1" 200 52
INFO 2025-07-28 12:19:06,448 basehttp 13474 6146781184 "GET /api/auth/me/ HTTP/1.1" 200 356
INFO 2025-07-28 12:19:06,450 basehttp 13474 6146781184 "GET /api/auth/me/ HTTP/1.1" 200 356
INFO 2025-07-28 12:19:06,540 basehttp 13474 6146781184 "GET /api/trips/ HTTP/1.1" 200 52
INFO 2025-07-28 12:19:06,545 basehttp 13474 6163607552 "GET /api/trips/ HTTP/1.1" 200 52
INFO 2025-07-28 12:19:38,969 basehttp 13474 6146781184 "GET /api/trips/ HTTP/1.1" 200 52
INFO 2025-07-28 12:24:00,072 basehttp 13474 6146781184 "GET /api/auth/me/ HTTP/1.1" 200 356
INFO 2025-07-28 12:24:00,074 basehttp 13474 6146781184 "GET /api/auth/me/ HTTP/1.1" 200 356
INFO 2025-07-28 12:24:00,205 basehttp 13474 6146781184 "GET /api/trips/ HTTP/1.1" 200 52
INFO 2025-07-28 12:24:00,208 basehttp 13474 6146781184 "GET /api/trips/ HTTP/1.1" 200 52
INFO 2025-07-28 12:24:18,525 basehttp 13474 6146781184 "GET /api/auth/me/ HTTP/1.1" 200 356
INFO 2025-07-28 12:24:18,533 basehttp 13474 6146781184 "GET /api/auth/me/ HTTP/1.1" 200 356
INFO 2025-07-28 12:24:18,594 basehttp 13474 6146781184 "GET /api/trips/ HTTP/1.1" 200 52
INFO 2025-07-28 12:24:18,599 basehttp 13474 6163607552 "GET /api/trips/ HTTP/1.1" 200 52
INFO 2025-07-28 12:29:33,470 basehttp 13474 6146781184 "GET /api/auth/me/ HTTP/1.1" 200 356
INFO 2025-07-28 12:29:33,473 basehttp 13474 6146781184 "GET /api/auth/me/ HTTP/1.1" 200 356
INFO 2025-07-28 12:29:33,570 basehttp 13474 6146781184 "GET /api/trips/ HTTP/1.1" 200 52
INFO 2025-07-28 12:29:33,574 basehttp 13474 6163607552 "GET /api/trips/ HTTP/1.1" 200 52
INFO 2025-07-28 12:29:54,469 basehttp 13474 6146781184 "POST /api/trips/ HTTP/1.1" 201 196
ERROR 2025-07-28 12:29:54,516 google_places 13474 6146781184 Google Places API key not configured
ERROR 2025-07-28 12:29:54,516 google_places 13474 6146781184 Google Places API key not configured
ERROR 2025-07-28 12:29:54,516 google_places 13474 6146781184 Google Places API key not configured
INFO 2025-07-28 12:29:54,516 basehttp 13474 6146781184 "GET /api/recommendations/?lat=-1.2921&lng=36.8219 HTTP/1.1" 200 55
INFO 2025-07-28 12:30:01,630 basehttp 13474 6146781184 "OPTIONS /api/trips/NaN/stops/ HTTP/1.1" 200 0
WARNING 2025-07-28 12:30:01,636 log 13474 6146781184 Not Found: /api/trips/NaN/stops/
WARNING 2025-07-28 12:30:01,637 basehttp 13474 6146781184 "POST /api/trips/NaN/stops/ HTTP/1.1" 404 5918
WARNING 2025-07-28 12:30:03,080 log 13474 6146781184 Not Found: /api/trips/NaN/stops/
WARNING 2025-07-28 12:30:03,080 basehttp 13474 6146781184 "POST /api/trips/NaN/stops/ HTTP/1.1" 404 5918
INFO 2025-07-28 12:30:15,607 basehttp 13474 6146781184 "GET /api/auth/me/ HTTP/1.1" 200 356
INFO 2025-07-28 12:30:15,609 basehttp 13474 6146781184 "GET /api/auth/me/ HTTP/1.1" 200 356
INFO 2025-07-28 12:30:15,741 basehttp 13474 6146781184 "GET /api/trips/ HTTP/1.1" 200 412
INFO 2025-07-28 12:30:15,746 basehttp 13474 6163607552 "GET /api/trips/ HTTP/1.1" 200 412
ERROR 2025-07-28 12:30:15,823 google_places 13474 6163607552 Google Places API key not configured
ERROR 2025-07-28 12:30:15,823 google_places 13474 6163607552 Google Places API key not configured
ERROR 2025-07-28 12:30:15,823 google_places 13474 6163607552 Google Places API key not configured
INFO 2025-07-28 12:30:15,823 basehttp 13474 6163607552 "GET /api/recommendations/?lat=-1.2921&lng=36.8219 HTTP/1.1" 200 55
INFO 2025-07-28 12:30:18,209 basehttp 13474 6146781184 "GET /api/auth/me/ HTTP/1.1" 200 356
INFO 2025-07-28 12:30:18,221 basehttp 13474 6146781184 "GET /api/auth/me/ HTTP/1.1" 200 356
INFO 2025-07-28 12:30:18,278 basehttp 13474 6146781184 "GET /api/trips/ HTTP/1.1" 200 412
INFO 2025-07-28 12:30:18,283 basehttp 13474 6163607552 "GET /api/trips/ HTTP/1.1" 200 412
ERROR 2025-07-28 12:30:18,356 google_places 13474 6163607552 Google Places API key not configured
ERROR 2025-07-28 12:30:18,356 google_places 13474 6163607552 Google Places API key not configured
ERROR 2025-07-28 12:30:18,356 google_places 13474 6163607552 Google Places API key not configured
INFO 2025-07-28 12:30:18,356 basehttp 13474 6163607552 "GET /api/recommendations/?lat=-1.2921&lng=36.8219 HTTP/1.1" 200 55
INFO 2025-07-28 12:30:31,631 basehttp 13474 6146781184 "OPTIONS /api/trips/14/stops/ HTTP/1.1" 200 0
WARNING 2025-07-28 12:30:31,639 log 13474 6146781184 Bad Request: /api/trips/14/stops/
WARNING 2025-07-28 12:30:31,639 basehttp 13474 6146781184 "POST /api/trips/14/stops/ HTTP/1.1" 400 37
WARNING 2025-07-28 12:30:34,815 log 13474 6146781184 Bad Request: /api/trips/14/stops/
WARNING 2025-07-28 12:30:34,816 basehttp 13474 6146781184 "POST /api/trips/14/stops/ HTTP/1.1" 400 37
WARNING 2025-07-28 12:33:17,346 log 13474 6146781184 Bad Request: /api/trips/14/stops/
WARNING 2025-07-28 12:33:17,348 basehttp 13474 6146781184 "POST /api/trips/14/stops/ HTTP/1.1" 400 37
WARNING 2025-07-28 12:33:20,600 log 13474 6146781184 Bad Request: /api/trips/14/stops/
WARNING 2025-07-28 12:33:20,600 basehttp 13474 6146781184 "POST /api/trips/14/stops/ HTTP/1.1" 400 37
WARNING 2025-07-28 12:33:30,447 log 13474 6146781184 Bad Request: /api/trips/14/stops/
WARNING 2025-07-28 12:33:30,447 basehttp 13474 6146781184 "POST /api/trips/14/stops/ HTTP/1.1" 400 37
WARNING 2025-07-28 12:33:33,703 log 13474 6146781184 Bad Request: /api/trips/14/stops/
WARNING 2025-07-28 12:33:33,703 basehttp 13474 6146781184 "POST /api/trips/14/stops/ HTTP/1.1" 400 37
WARNING 2025-07-28 12:34:20,996 log 13474 6146781184 Unauthorized: /api/trips/14/stops/
WARNING 2025-07-28 12:34:20,997 basehttp 13474 6146781184 "POST /api/trips/14/stops/ HTTP/1.1" 401 172
WARNING 2025-07-28 12:34:21,018 log 13474 6146781184 Unauthorized: /api/trips/14/stops/
WARNING 2025-07-28 12:34:21,020 log 13474 6163607552 Unauthorized: /api/trips/14/stops/
WARNING 2025-07-28 12:34:21,020 basehttp 13474 6146781184 "POST /api/trips/14/stops/ HTTP/1.1" 401 172
WARNING 2025-07-28 12:34:21,021 basehttp 13474 6163607552 "POST /api/trips/14/stops/ HTTP/1.1" 401 172
WARNING 2025-07-28 12:34:22,728 log 13474 6146781184 Unauthorized: /api/trips/14/stops/
WARNING 2025-07-28 12:34:22,728 basehttp 13474 6146781184 "POST /api/trips/14/stops/ HTTP/1.1" 401 172
WARNING 2025-07-28 12:34:26,906 log 13474 6146781184 Unauthorized: /api/auth/me/
WARNING 2025-07-28 12:34:26,906 basehttp 13474 6146781184 "GET /api/auth/me/ HTTP/1.1" 401 172
WARNING 2025-07-28 12:34:26,908 log 13474 6146781184 Unauthorized: /api/auth/me/
WARNING 2025-07-28 12:34:26,908 basehttp 13474 6146781184 "GET /api/auth/me/ HTTP/1.1" 401 172
INFO 2025-07-28 12:34:29,865 basehttp 13474 6146781184 "OPTIONS /api/auth/login/ HTTP/1.1" 200 0
INFO 2025-07-28 12:34:30,120 basehttp 13474 6146781184 "POST /api/auth/login/ HTTP/1.1" 200 858
INFO 2025-07-28 12:34:30,184 basehttp 13474 6146781184 "OPTIONS /api/trips/ HTTP/1.1" 200 0
INFO 2025-07-28 12:34:30,185 basehttp 13474 6163607552 "OPTIONS /api/trips/ HTTP/1.1" 200 0
INFO 2025-07-28 12:34:30,192 basehttp 13474 6146781184 "GET /api/trips/ HTTP/1.1" 200 412
INFO 2025-07-28 12:34:30,196 basehttp 13474 6163607552 "GET /api/trips/ HTTP/1.1" 200 412
ERROR 2025-07-28 12:34:30,265 google_places 13474 6163607552 Google Places API key not configured
ERROR 2025-07-28 12:34:30,265 google_places 13474 6163607552 Google Places API key not configured
ERROR 2025-07-28 12:34:30,265 google_places 13474 6163607552 Google Places API key not configured
INFO 2025-07-28 12:34:30,265 basehttp 13474 6163607552 "GET /api/recommendations/?lat=-1.2921&lng=36.8219 HTTP/1.1" 200 55
INFO 2025-07-28 12:41:28,767 basehttp 13474 6146781184 "GET /api/auth/me/ HTTP/1.1" 200 356
INFO 2025-07-28 12:41:28,771 basehttp 13474 6146781184 "GET /api/auth/me/ HTTP/1.1" 200 356
INFO 2025-07-28 12:41:28,965 basehttp 13474 6146781184 "GET /api/trips/ HTTP/1.1" 200 412
INFO 2025-07-28 12:41:28,977 basehttp 13474 6163607552 "GET /api/trips/ HTTP/1.1" 200 412
ERROR 2025-07-28 12:41:29,093 google_places 13474 6163607552 Google Places API key not configured
ERROR 2025-07-28 12:41:29,093 google_places 13474 6163607552 Google Places API key not configured
ERROR 2025-07-28 12:41:29,093 google_places 13474 6163607552 Google Places API key not configured
INFO 2025-07-28 12:41:29,093 basehttp 13474 6163607552 "GET /api/recommendations/?lat=-1.2921&lng=36.8219 HTTP/1.1" 200 55
INFO 2025-07-28 12:41:35,519 basehttp 13474 6146781184 "GET /api/auth/me/ HTTP/1.1" 200 356
INFO 2025-07-28 12:41:35,527 basehttp 13474 6146781184 "GET /api/auth/me/ HTTP/1.1" 200 356
INFO 2025-07-28 12:41:35,594 basehttp 13474 6146781184 "GET /api/trips/ HTTP/1.1" 200 412
INFO 2025-07-28 12:41:35,599 basehttp 13474 6146781184 "GET /api/trips/ HTTP/1.1" 200 412
ERROR 2025-07-28 12:41:35,687 google_places 13474 6146781184 Google Places API key not configured
ERROR 2025-07-28 12:41:35,687 google_places 13474 6146781184 Google Places API key not configured
ERROR 2025-07-28 12:41:35,687 google_places 13474 6146781184 Google Places API key not configured
INFO 2025-07-28 12:41:35,687 basehttp 13474 6146781184 "GET /api/recommendations/?lat=-1.2921&lng=36.8219 HTTP/1.1" 200 55
WARNING 2025-07-28 12:41:42,762 log 13474 6146781184 Bad Request: /api/trips/14/stops/
WARNING 2025-07-28 12:41:42,762 basehttp 13474 6146781184 "POST /api/trips/14/stops/ HTTP/1.1" 400 37
WARNING 2025-07-28 12:41:43,014 log 13474 6146781184 Bad Request: /api/trips/14/stops/
WARNING 2025-07-28 12:41:43,014 basehttp 13474 6146781184 "POST /api/trips/14/stops/ HTTP/1.1" 400 37
WARNING 2025-07-28 12:41:47,485 log 13474 6146781184 Bad Request: /api/trips/14/stops/
WARNING 2025-07-28 12:41:47,486 basehttp 13474 6146781184 "POST /api/trips/14/stops/ HTTP/1.1" 400 37
WARNING 2025-07-28 12:41:49,729 log 13474 6146781184 Bad Request: /api/trips/14/stops/
WARNING 2025-07-28 12:41:49,729 basehttp 13474 6146781184 "POST /api/trips/14/stops/ HTTP/1.1" 400 37
WARNING 2025-07-28 12:41:52,373 log 13474 6146781184 Bad Request: /api/trips/14/stops/
WARNING 2025-07-28 12:41:52,374 basehttp 13474 6146781184 "POST /api/trips/14/stops/ HTTP/1.1" 400 37
WARNING 2025-07-28 12:45:21,639 log 13474 6146781184 Bad Request: /api/trips/14/stops/
WARNING 2025-07-28 12:45:21,640 basehttp 13474 6146781184 "POST /api/trips/14/stops/ HTTP/1.1" 400 37
WARNING 2025-07-28 12:45:25,901 log 13474 6146781184 Bad Request: /api/trips/14/stops/
WARNING 2025-07-28 12:45:25,902 basehttp 13474 6146781184 "POST /api/trips/14/stops/ HTTP/1.1" 400 37
WARNING 2025-07-28 12:45:27,869 log 13474 6146781184 Bad Request: /api/trips/14/stops/
WARNING 2025-07-28 12:45:27,869 basehttp 13474 6146781184 "POST /api/trips/14/stops/ HTTP/1.1" 400 37
WARNING 2025-07-28 12:48:06,549 log 13474 6146781184 Bad Request: /api/trips/14/stops/
WARNING 2025-07-28 12:48:06,550 basehttp 13474 6146781184 "POST /api/trips/14/stops/ HTTP/1.1" 400 37
WARNING 2025-07-28 12:48:12,588 log 13474 6146781184 Bad Request: /api/trips/14/stops/
WARNING 2025-07-28 12:48:12,589 basehttp 13474 6146781184 "POST /api/trips/14/stops/ HTTP/1.1" 400 37
WARNING 2025-07-28 12:48:21,945 log 13474 6146781184 Bad Request: /api/trips/14/stops/
WARNING 2025-07-28 12:48:21,945 basehttp 13474 6146781184 "POST /api/trips/14/stops/ HTTP/1.1" 400 37
WARNING 2025-07-28 12:48:24,357 log 13474 6146781184 Bad Request: /api/trips/14/stops/
WARNING 2025-07-28 12:48:24,357 basehttp 13474 6146781184 "POST /api/trips/14/stops/ HTTP/1.1" 400 37
WARNING 2025-07-28 12:48:34,017 log 13474 6146781184 Bad Request: /api/trips/14/stops/
WARNING 2025-07-28 12:48:34,018 basehttp 13474 6146781184 "POST /api/trips/14/stops/ HTTP/1.1" 400 37
WARNING 2025-07-28 12:48:39,458 log 13474 6146781184 Bad Request: /api/trips/14/stops/
WARNING 2025-07-28 12:48:39,459 basehttp 13474 6146781184 "POST /api/trips/14/stops/ HTTP/1.1" 400 37
ERROR 2025-07-28 12:54:11,112 google_places 13474 6163607552 Google Places API key not configured
ERROR 2025-07-28 12:54:11,112 google_places 13474 6163607552 Google Places API key not configured
ERROR 2025-07-28 12:54:11,112 google_places 13474 6163607552 Google Places API key not configured
INFO 2025-07-28 12:54:11,113 basehttp 13474 6163607552 "GET /api/recommendations/?lat=-1.2921&lng=36.8219 HTTP/1.1" 200 55
INFO 2025-07-28 12:54:11,120 basehttp 13474 6146781184 "GET /api/trips/ HTTP/1.1" 200 412
INFO 2025-07-28 13:00:34,159 basehttp 13474 6146781184 "GET /api/auth/me/ HTTP/1.1" 200 356
INFO 2025-07-28 13:00:34,162 basehttp 13474 6146781184 "GET /api/auth/me/ HTTP/1.1" 200 356
INFO 2025-07-28 13:04:08,103 basehttp 13474 6146781184 "GET /api/auth/me/ HTTP/1.1" 200 356
INFO 2025-07-28 13:04:08,106 basehttp 13474 6146781184 "GET /api/auth/me/ HTTP/1.1" 200 356
INFO 2025-07-28 13:04:17,091 basehttp 13474 6146781184 "GET /api/auth/me/ HTTP/1.1" 200 356
INFO 2025-07-28 13:04:17,096 basehttp 13474 6146781184 "GET /api/auth/me/ HTTP/1.1" 200 356
INFO 2025-07-28 13:04:25,906 basehttp 13474 6146781184 "GET /api/auth/me/ HTTP/1.1" 200 356
INFO 2025-07-28 13:04:25,910 basehttp 13474 6146781184 "GET /api/auth/me/ HTTP/1.1" 200 356
INFO 2025-07-28 13:04:26,060 basehttp 13474 6146781184 "GET /api/trips/ HTTP/1.1" 200 412
INFO 2025-07-28 13:04:26,079 basehttp 13474 6163607552 "GET /api/trips/ HTTP/1.1" 200 412
ERROR 2025-07-28 13:04:26,113 google_places 13474 6163607552 Google Places API key not configured
ERROR 2025-07-28 13:04:26,114 google_places 13474 6163607552 Google Places API key not configured
ERROR 2025-07-28 13:04:26,114 google_places 13474 6163607552 Google Places API key not configured
INFO 2025-07-28 13:04:26,115 basehttp 13474 6163607552 "GET /api/recommendations/?lat=-1.2921&lng=36.8219 HTTP/1.1" 200 55
INFO 2025-07-28 13:04:46,408 basehttp 13474 6146781184 "GET /api/auth/me/ HTTP/1.1" 200 356
INFO 2025-07-28 13:04:46,411 basehttp 13474 6146781184 "GET /api/auth/me/ HTTP/1.1" 200 356
INFO 2025-07-28 13:04:46,514 basehttp 13474 6146781184 "GET /api/trips/ HTTP/1.1" 200 412
INFO 2025-07-28 13:04:46,519 basehttp 13474 6163607552 "GET /api/trips/ HTTP/1.1" 200 412
ERROR 2025-07-28 13:04:46,601 google_places 13474 6163607552 Google Places API key not configured
ERROR 2025-07-28 13:04:46,601 google_places 13474 6163607552 Google Places API key not configured
ERROR 2025-07-28 13:04:46,601 google_places 13474 6163607552 Google Places API key not configured
INFO 2025-07-28 13:04:46,602 basehttp 13474 6163607552 "GET /api/recommendations/?lat=-1.2921&lng=36.8219 HTTP/1.1" 200 55
WARNING 2025-07-28 13:04:54,903 log 13474 6146781184 Bad Request: /api/trips/14/stops/
WARNING 2025-07-28 13:04:54,904 basehttp 13474 6146781184 "POST /api/trips/14/stops/ HTTP/1.1" 400 37
WARNING 2025-07-28 13:04:56,705 log 13474 6146781184 Bad Request: /api/trips/14/stops/
WARNING 2025-07-28 13:04:56,705 basehttp 13474 6146781184 "POST /api/trips/14/stops/ HTTP/1.1" 400 37
WARNING 2025-07-28 13:04:58,426 log 13474 6146781184 Bad Request: /api/trips/14/stops/
WARNING 2025-07-28 13:04:58,426 basehttp 13474 6146781184 "POST /api/trips/14/stops/ HTTP/1.1" 400 37
WARNING 2025-07-28 13:05:04,745 log 13474 6146781184 Bad Request: /api/trips/14/stops/
WARNING 2025-07-28 13:05:04,745 basehttp 13474 6146781184 "POST /api/trips/14/stops/ HTTP/1.1" 400 37
INFO 2025-07-28 13:05:37,236 basehttp 13474 6146781184 "GET /api/auth/me/ HTTP/1.1" 200 356
INFO 2025-07-28 13:05:37,239 basehttp 13474 6146781184 "GET /api/auth/me/ HTTP/1.1" 200 356
INFO 2025-07-28 13:05:37,336 basehttp 13474 6146781184 "GET /api/trips/ HTTP/1.1" 200 412
INFO 2025-07-28 13:05:37,340 basehttp 13474 6163607552 "GET /api/trips/ HTTP/1.1" 200 412
ERROR 2025-07-28 13:05:37,405 google_places 13474 6163607552 Google Places API key not configured
ERROR 2025-07-28 13:05:37,405 google_places 13474 6163607552 Google Places API key not configured
ERROR 2025-07-28 13:05:37,405 google_places 13474 6163607552 Google Places API key not configured
INFO 2025-07-28 13:05:37,405 basehttp 13474 6163607552 "GET /api/recommendations/?lat=-1.2921&lng=36.8219 HTTP/1.1" 200 55
WARNING 2025-07-28 13:06:01,574 log 13474 6146781184 Bad Request: /api/trips/14/stops/
WARNING 2025-07-28 13:06:01,575 basehttp 13474 6146781184 "POST /api/trips/14/stops/ HTTP/1.1" 400 37
WARNING 2025-07-28 13:06:04,898 log 13474 6146781184 Bad Request: /api/trips/14/stops/
WARNING 2025-07-28 13:06:04,898 basehttp 13474 6146781184 "POST /api/trips/14/stops/ HTTP/1.1" 400 37
WARNING 2025-07-28 13:06:07,615 log 13474 6146781184 Bad Request: /api/trips/14/stops/
WARNING 2025-07-28 13:06:07,615 basehttp 13474 6146781184 "POST /api/trips/14/stops/ HTTP/1.1" 400 37
WARNING 2025-07-28 13:06:09,563 log 13474 6146781184 Bad Request: /api/trips/14/stops/
WARNING 2025-07-28 13:06:09,563 basehttp 13474 6146781184 "POST /api/trips/14/stops/ HTTP/1.1" 400 37
WARNING 2025-07-28 13:06:10,684 log 13474 6146781184 Bad Request: /api/trips/14/stops/
WARNING 2025-07-28 13:06:10,685 basehttp 13474 6146781184 "POST /api/trips/14/stops/ HTTP/1.1" 400 37
INFO 2025-07-28 13:11:16,606 basehttp 13474 6146781184 "GET /api/auth/me/ HTTP/1.1" 200 356
INFO 2025-07-28 13:11:16,609 basehttp 13474 6146781184 "GET /api/auth/me/ HTTP/1.1" 200 356
INFO 2025-07-28 13:11:16,711 basehttp 13474 6146781184 "GET /api/trips/ HTTP/1.1" 200 412
INFO 2025-07-28 13:11:16,716 basehttp 13474 6163607552 "GET /api/trips/ HTTP/1.1" 200 412
ERROR 2025-07-28 13:11:16,800 google_places 13474 6163607552 Google Places API key not configured
ERROR 2025-07-28 13:11:16,800 google_places 13474 6163607552 Google Places API key not configured
ERROR 2025-07-28 13:11:16,800 google_places 13474 6163607552 Google Places API key not configured
INFO 2025-07-28 13:11:16,800 basehttp 13474 6163607552 "GET /api/recommendations/?lat=-1.2921&lng=36.8219 HTTP/1.1" 200 55
WARNING 2025-07-28 13:11:23,552 log 13474 6146781184 Bad Request: /api/trips/14/stops/
WARNING 2025-07-28 13:11:23,553 basehttp 13474 6146781184 "POST /api/trips/14/stops/ HTTP/1.1" 400 37
WARNING 2025-07-28 13:11:25,901 log 13474 6146781184 Bad Request: /api/trips/14/stops/
WARNING 2025-07-28 13:11:25,902 basehttp 13474 6146781184 "POST /api/trips/14/stops/ HTTP/1.1" 400 37
WARNING 2025-07-28 13:11:28,658 log 13474 6146781184 Bad Request: /api/trips/14/stops/
WARNING 2025-07-28 13:11:28,658 basehttp 13474 6146781184 "POST /api/trips/14/stops/ HTTP/1.1" 400 37
INFO 2025-07-28 13:12:53,547 basehttp 13474 6146781184 "POST /api/trips/ HTTP/1.1" 201 208
INFO 2025-07-28 13:13:19,935 basehttp 13474 6146781184 "GET /api/trips/ HTTP/1.1" 200 786
INFO 2025-07-28 13:15:41,381 basehttp 13474 6163607552 "OPTIONS /api/auth/me/ HTTP/1.1" 200 0
INFO 2025-07-28 13:15:41,381 basehttp 13474 6180433920 "OPTIONS /api/auth/me/ HTTP/1.1" 200 0
INFO 2025-07-28 13:15:41,389 basehttp 13474 6163607552 "GET /api/auth/me/ HTTP/1.1" 200 356
INFO 2025-07-28 13:15:41,393 basehttp 13474 6180433920 "GET /api/auth/me/ HTTP/1.1" 200 356
INFO 2025-07-28 13:15:41,511 basehttp 13474 6180433920 "GET /api/trips/ HTTP/1.1" 200 786
INFO 2025-07-28 13:15:41,520 basehttp 13474 6163607552 "GET /api/trips/ HTTP/1.1" 200 786
ERROR 2025-07-28 13:15:41,614 google_places 13474 6163607552 Google Places API key not configured
ERROR 2025-07-28 13:15:41,614 google_places 13474 6163607552 Google Places API key not configured
ERROR 2025-07-28 13:15:41,614 google_places 13474 6163607552 Google Places API key not configured
INFO 2025-07-28 13:15:41,615 basehttp 13474 6163607552 "GET /api/recommendations/?lat=-1.2921&lng=36.8219 HTTP/1.1" 200 55
ERROR 2025-07-28 13:15:44,983 google_places 13474 6163607552 Google Places API key not configured
ERROR 2025-07-28 13:15:44,983 google_places 13474 6163607552 Google Places API key not configured
ERROR 2025-07-28 13:15:44,983 google_places 13474 6163607552 Google Places API key not configured
INFO 2025-07-28 13:15:44,983 basehttp 13474 6163607552 "GET /api/recommendations/?lat=-1.2921&lng=36.8219 HTTP/1.1" 200 55
ERROR 2025-07-28 13:15:56,180 google_places 13474 6163607552 Google Places API key not configured
ERROR 2025-07-28 13:15:56,180 google_places 13474 6163607552 Google Places API key not configured
ERROR 2025-07-28 13:15:56,180 google_places 13474 6163607552 Google Places API key not configured
INFO 2025-07-28 13:15:56,181 basehttp 13474 6163607552 "GET /api/recommendations/?lat=-1.2921&lng=36.8219 HTTP/1.1" 200 55
INFO 2025-07-28 13:16:06,020 basehttp 13474 6163607552 "POST /api/auth/login/ HTTP/1.1" 200 858
INFO 2025-07-28 13:16:06,086 basehttp 13474 6163607552 "GET /api/trips/ HTTP/1.1" 200 786
INFO 2025-07-28 13:16:06,092 basehttp 13474 6163607552 "GET /api/trips/ HTTP/1.1" 200 786
ERROR 2025-07-28 13:16:06,158 google_places 13474 6163607552 Google Places API key not configured
ERROR 2025-07-28 13:16:06,158 google_places 13474 6163607552 Google Places API key not configured
ERROR 2025-07-28 13:16:06,158 google_places 13474 6163607552 Google Places API key not configured
INFO 2025-07-28 13:16:06,159 basehttp 13474 6163607552 "GET /api/recommendations/?lat=-1.2921&lng=36.8219 HTTP/1.1" 200 55
INFO 2025-07-28 13:16:15,641 basehttp 13474 6163607552 "GET /api/trips/ HTTP/1.1" 200 786
INFO 2025-07-28 13:16:15,656 basehttp 13474 6163607552 "GET /api/trips/ HTTP/1.1" 200 786
ERROR 2025-07-28 13:16:15,716 google_places 13474 6163607552 Google Places API key not configured
ERROR 2025-07-28 13:16:15,716 google_places 13474 6163607552 Google Places API key not configured
ERROR 2025-07-28 13:16:15,716 google_places 13474 6163607552 Google Places API key not configured
INFO 2025-07-28 13:16:15,716 basehttp 13474 6163607552 "GET /api/recommendations/?lat=-1.2921&lng=36.8219 HTTP/1.1" 200 55
INFO 2025-07-28 13:16:56,194 basehttp 13474 6180433920 "GET /api/auth/me/ HTTP/1.1" 200 356
INFO 2025-07-28 13:16:56,199 basehttp 13474 6163607552 "GET /api/trips/ HTTP/1.1" 200 786
INFO 2025-07-28 13:16:56,204 basehttp 13474 6180433920 "GET /api/trips/ HTTP/1.1" 200 786
ERROR 2025-07-28 13:16:56,279 google_places 13474 6180433920 Google Places API key not configured
ERROR 2025-07-28 13:16:56,279 google_places 13474 6180433920 Google Places API key not configured
ERROR 2025-07-28 13:16:56,279 google_places 13474 6180433920 Google Places API key not configured
INFO 2025-07-28 13:16:56,279 basehttp 13474 6180433920 "GET /api/recommendations/?lat=-1.2921&lng=36.8219 HTTP/1.1" 200 55
INFO 2025-07-28 13:17:12,792 basehttp 13474 6163607552 "OPTIONS /api/trips/15/stops/ HTTP/1.1" 200 0
WARNING 2025-07-28 13:17:12,796 log 13474 6163607552 Bad Request: /api/trips/15/stops/
WARNING 2025-07-28 13:17:12,796 basehttp 13474 6163607552 "POST /api/trips/15/stops/ HTTP/1.1" 400 37
WARNING 2025-07-28 13:17:15,151 log 13474 6163607552 Bad Request: /api/trips/15/stops/
WARNING 2025-07-28 13:17:15,157 basehttp 13474 6163607552 "POST /api/trips/15/stops/ HTTP/1.1" 400 37
WARNING 2025-07-28 13:17:17,591 log 13474 6163607552 Bad Request: /api/trips/15/stops/
WARNING 2025-07-28 13:17:17,591 basehttp 13474 6163607552 "POST /api/trips/15/stops/ HTTP/1.1" 400 37
WARNING 2025-07-28 13:17:23,214 log 13474 6163607552 Bad Request: /api/trips/15/stops/
WARNING 2025-07-28 13:17:23,214 basehttp 13474 6163607552 "POST /api/trips/15/stops/ HTTP/1.1" 400 37
WARNING 2025-07-28 13:17:25,461 log 13474 6163607552 Bad Request: /api/trips/15/stops/
WARNING 2025-07-28 13:17:25,461 basehttp 13474 6163607552 "POST /api/trips/15/stops/ HTTP/1.1" 400 37
WARNING 2025-07-28 13:17:27,650 log 13474 6163607552 Bad Request: /api/trips/15/stops/
WARNING 2025-07-28 13:17:27,653 basehttp 13474 6163607552 "POST /api/trips/15/stops/ HTTP/1.1" 400 37
INFO 2025-07-28 13:18:14,935 basehttp 13474 6163607552 "POST /api/trips/ HTTP/1.1" 201 216
ERROR 2025-07-28 13:18:25,930 google_places 13474 6163607552 Google Places API key not configured
ERROR 2025-07-28 13:18:25,930 google_places 13474 6163607552 Google Places API key not configured
ERROR 2025-07-28 13:18:25,931 google_places 13474 6163607552 Google Places API key not configured
INFO 2025-07-28 13:18:25,931 basehttp 13474 6163607552 "GET /api/recommendations/?lat=-1.2921&lng=36.8219 HTTP/1.1" 200 55
ERROR 2025-07-28 13:18:26,947 google_places 13474 6163607552 Google Places API key not configured
ERROR 2025-07-28 13:18:26,947 google_places 13474 6163607552 Google Places API key not configured
ERROR 2025-07-28 13:18:26,947 google_places 13474 6163607552 Google Places API key not configured
INFO 2025-07-28 13:18:26,947 basehttp 13474 6163607552 "GET /api/recommendations/?lat=-1.2921&lng=36.8219 HTTP/1.1" 200 55
INFO 2025-07-28 13:18:29,194 basehttp 13474 6163607552 "GET /api/auth/me/ HTTP/1.1" 200 356
INFO 2025-07-28 13:18:29,196 basehttp 13474 6163607552 "GET /api/auth/me/ HTTP/1.1" 200 356
INFO 2025-07-28 13:18:29,305 basehttp 13474 6163607552 "GET /api/trips/ HTTP/1.1" 200 1167
INFO 2025-07-28 13:18:29,312 basehttp 13474 6180433920 "GET /api/trips/ HTTP/1.1" 200 1167
ERROR 2025-07-28 13:18:29,395 google_places 13474 6180433920 Google Places API key not configured
ERROR 2025-07-28 13:18:29,395 google_places 13474 6180433920 Google Places API key not configured
ERROR 2025-07-28 13:18:29,395 google_places 13474 6180433920 Google Places API key not configured
INFO 2025-07-28 13:18:29,395 basehttp 13474 6180433920 "GET /api/recommendations/?lat=-1.2921&lng=36.8219 HTTP/1.1" 200 55
INFO 2025-07-28 13:22:03,696 autoreload 13474 8412700416 /Users/braddr/Documents/Code/Personal Projects/roadTrip_planner/backend/apps/trips/models.py changed, reloading.
INFO 2025-07-28 13:22:04,640 autoreload 24995 8412700416 Watching for file changes with StatReloader
WARNING 2025-07-28 13:22:04,807 google_places 24995 8412700416 Google Maps API key not configured
INFO 2025-07-28 13:22:44,729 autoreload 24995 8412700416 /Users/braddr/Documents/Code/Personal Projects/roadTrip_planner/backend/apps/trips/serializers.py changed, reloading.
INFO 2025-07-28 13:22:45,520 autoreload 25071 8412700416 Watching for file changes with StatReloader
WARNING 2025-07-28 13:22:45,679 google_places 25071 8412700416 Google Maps API key not configured
INFO 2025-07-28 13:22:57,105 autoreload 25071 8412700416 /Users/braddr/Documents/Code/Personal Projects/roadTrip_planner/backend/apps/trips/serializers.py changed, reloading.
INFO 2025-07-28 13:22:57,706 autoreload 25091 8412700416 Watching for file changes with StatReloader
WARNING 2025-07-28 13:22:57,816 google_places 25091 8412700416 Google Maps API key not configured
WARNING 2025-07-28 13:23:19,055 google_places 25345 8412700416 Google Maps API key not configured
WARNING 2025-07-28 13:23:32,427 google_places 25368 8412700416 Google Maps API key not configured
INFO 2025-07-28 13:23:59,009 autoreload 25091 8412700416 /Users/braddr/Documents/Code/Personal Projects/roadTrip_planner/backend/apps/trips/serializers.py changed, reloading.
INFO 2025-07-28 13:23:59,510 autoreload 25397 8412700416 Watching for file changes with StatReloader
WARNING 2025-07-28 13:23:59,618 google_places 25397 8412700416 Google Maps API key not configured
INFO 2025-07-28 13:25:41,963 basehttp 25397 6163361792 "OPTIONS /api/trips/16/stops/ HTTP/1.1" 200 0
WARNING 2025-07-28 13:25:42,012 log 25397 6163361792 Bad Request: /api/trips/16/stops/
WARNING 2025-07-28 13:25:42,012 basehttp 25397 6163361792 "POST /api/trips/16/stops/ HTTP/1.1" 400 37
WARNING 2025-07-28 13:25:55,464 log 25397 6163361792 Bad Request: /api/trips/16/stops/
WARNING 2025-07-28 13:25:55,465 basehttp 25397 6163361792 "POST /api/trips/16/stops/ HTTP/1.1" 400 37
INFO 2025-07-28 13:28:41,451 basehttp 25397 6163361792 "GET /api/auth/me/ HTTP/1.1" 200 356
INFO 2025-07-28 13:28:41,457 basehttp 25397 6163361792 "GET /api/auth/me/ HTTP/1.1" 200 356
INFO 2025-07-28 13:28:41,582 basehttp 25397 6163361792 "GET /api/trips/ HTTP/1.1" 200 1167
INFO 2025-07-28 13:28:41,588 basehttp 25397 6180188160 "GET /api/trips/ HTTP/1.1" 200 1167
INFO 2025-07-28 13:28:41,648 basehttp 25397 6180188160 "OPTIONS /api/recommendations/?lat=-1.2921&lng=36.8219 HTTP/1.1" 200 0
ERROR 2025-07-28 13:28:41,651 google_places 25397 6180188160 Google Places API key not configured
ERROR 2025-07-28 13:28:41,651 google_places 25397 6180188160 Google Places API key not configured
ERROR 2025-07-28 13:28:41,651 google_places 25397 6180188160 Google Places API key not configured
INFO 2025-07-28 13:28:41,651 basehttp 25397 6180188160 "GET /api/recommendations/?lat=-1.2921&lng=36.8219 HTTP/1.1" 200 55
WARNING 2025-07-28 13:29:25,815 log 25397 6163361792 Bad Request: /api/trips/16/stops/
WARNING 2025-07-28 13:29:25,816 basehttp 25397 6163361792 "POST /api/trips/16/stops/ HTTP/1.1" 400 37
WARNING 2025-07-28 13:29:27,752 log 25397 6163361792 Bad Request: /api/trips/16/stops/
WARNING 2025-07-28 13:29:27,752 basehttp 25397 6163361792 "POST /api/trips/16/stops/ HTTP/1.1" 400 37
WARNING 2025-07-28 13:29:30,077 log 25397 6163361792 Bad Request: /api/trips/16/stops/
WARNING 2025-07-28 13:29:30,077 basehttp 25397 6163361792 "POST /api/trips/16/stops/ HTTP/1.1" 400 37
WARNING 2025-07-28 13:29:32,278 log 25397 6163361792 Bad Request: /api/trips/16/stops/
WARNING 2025-07-28 13:29:32,279 basehttp 25397 6163361792 "POST /api/trips/16/stops/ HTTP/1.1" 400 37
INFO 2025-07-28 13:30:15,883 basehttp 25397 6163361792 "POST /api/trips/ HTTP/1.1" 201 35556
INFO 2025-07-28 13:30:19,391 basehttp 25397 6163361792 "GET /api/auth/me/ HTTP/1.1" 200 356
INFO 2025-07-28 13:30:19,400 basehttp 25397 6163361792 "GET /api/auth/me/ HTTP/1.1" 200 356
INFO 2025-07-28 13:30:19,519 basehttp 25397 6163361792 "GET /api/trips/ HTTP/1.1" 200 1535
INFO 2025-07-28 13:30:19,542 basehttp 25397 6180188160 "GET /api/trips/ HTTP/1.1" 200 1535
ERROR 2025-07-28 13:30:19,605 google_places 25397 6180188160 Google Places API key not configured
ERROR 2025-07-28 13:30:19,605 google_places 25397 6180188160 Google Places API key not configured
ERROR 2025-07-28 13:30:19,605 google_places 25397 6180188160 Google Places API key not configured
INFO 2025-07-28 13:30:19,607 basehttp 25397 6180188160 "GET /api/recommendations/?lat=-1.2921&lng=36.8219 HTTP/1.1" 200 55
ERROR 2025-07-28 13:32:34,119 google_places 25397 6163361792 Google Places API key not configured
ERROR 2025-07-28 13:32:34,121 google_places 25397 6163361792 Google Places API key not configured
ERROR 2025-07-28 13:32:34,122 google_places 25397 6163361792 Google Places API key not configured
INFO 2025-07-28 13:32:34,133 basehttp 25397 6163361792 "GET /api/recommendations/?lat=-1.2921&lng=36.8219 HTTP/1.1" 200 55
ERROR 2025-07-28 13:32:35,034 google_places 25397 6163361792 Google Places API key not configured
ERROR 2025-07-28 13:32:35,034 google_places 25397 6163361792 Google Places API key not configured
ERROR 2025-07-28 13:32:35,034 google_places 25397 6163361792 Google Places API key not configured
INFO 2025-07-28 13:32:35,035 basehttp 25397 6163361792 "GET /api/recommendations/?lat=-1.2921&lng=36.8219 HTTP/1.1" 200 55
ERROR 2025-07-28 13:32:36,978 google_places 25397 6163361792 Google Places API key not configured
ERROR 2025-07-28 13:32:36,978 google_places 25397 6163361792 Google Places API key not configured
ERROR 2025-07-28 13:32:36,978 google_places 25397 6163361792 Google Places API key not configured
INFO 2025-07-28 13:32:36,979 basehttp 25397 6163361792 "GET /api/recommendations/?lat=-1.2921&lng=36.8219 HTTP/1.1" 200 55
ERROR 2025-07-28 13:32:38,153 google_places 25397 6163361792 Google Places API key not configured
ERROR 2025-07-28 13:32:38,153 google_places 25397 6163361792 Google Places API key not configured
ERROR 2025-07-28 13:32:38,153 google_places 25397 6163361792 Google Places API key not configured
INFO 2025-07-28 13:32:38,154 basehttp 25397 6163361792 "GET /api/recommendations/?lat=-1.2921&lng=36.8219 HTTP/1.1" 200 55
INFO 2025-07-28 13:32:45,405 basehttp 25397 6163361792 "GET /api/auth/me/ HTTP/1.1" 200 356
INFO 2025-07-28 13:32:45,415 basehttp 25397 6163361792 "GET /api/auth/me/ HTTP/1.1" 200 356
INFO 2025-07-28 13:32:45,592 basehttp 25397 6163361792 "GET /api/trips/ HTTP/1.1" 200 1535
INFO 2025-07-28 13:32:45,617 basehttp 25397 6180188160 "GET /api/trips/ HTTP/1.1" 200 1535
ERROR 2025-07-28 13:32:45,674 google_places 25397 6180188160 Google Places API key not configured
ERROR 2025-07-28 13:32:45,675 google_places 25397 6180188160 Google Places API key not configured
ERROR 2025-07-28 13:32:45,675 google_places 25397 6180188160 Google Places API key not configured
INFO 2025-07-28 13:32:45,675 basehttp 25397 6180188160 "GET /api/recommendations/?lat=-1.2921&lng=36.8219 HTTP/1.1" 200 55
INFO 2025-07-28 13:44:55,593 basehttp 25397 6163361792 "GET /api/auth/me/ HTTP/1.1" 200 356
INFO 2025-07-28 13:44:55,598 basehttp 25397 6163361792 "GET /api/auth/me/ HTTP/1.1" 200 356
INFO 2025-07-28 13:44:55,716 basehttp 25397 6163361792 "GET /api/trips/ HTTP/1.1" 200 1535
INFO 2025-07-28 13:44:55,729 basehttp 25397 6163361792 "GET /api/trips/ HTTP/1.1" 200 1535
ERROR 2025-07-28 13:44:55,807 google_places 25397 6163361792 Google Places API key not configured
ERROR 2025-07-28 13:44:55,807 google_places 25397 6163361792 Google Places API key not configured
ERROR 2025-07-28 13:44:55,808 google_places 25397 6163361792 Google Places API key not configured
INFO 2025-07-28 13:44:55,808 basehttp 25397 6163361792 "GET /api/recommendations/?lat=-1.2921&lng=36.8219 HTTP/1.1" 200 55
WARNING 2025-07-28 14:29:40,457 log 25397 6163361792 Unauthorized: /api/auth/me/
WARNING 2025-07-28 14:29:40,462 basehttp 25397 6163361792 "GET /api/auth/me/ HTTP/1.1" 401 172
WARNING 2025-07-28 14:29:40,464 log 25397 6163361792 Unauthorized: /api/auth/me/
WARNING 2025-07-28 14:29:40,464 basehttp 25397 6163361792 "GET /api/auth/me/ HTTP/1.1" 401 172
INFO 2025-07-29 06:30:13,774 basehttp 25397 6163361792 "OPTIONS /api/auth/login/ HTTP/1.1" 200 0
INFO 2025-07-29 06:30:14,244 basehttp 25397 6163361792 "POST /api/auth/login/ HTTP/1.1" 200 858
INFO 2025-07-29 06:30:14,307 basehttp 25397 6163361792 "OPTIONS /api/trips/ HTTP/1.1" 200 0
INFO 2025-07-29 06:30:14,309 basehttp 25397 6163361792 "OPTIONS /api/trips/ HTTP/1.1" 200 0
INFO 2025-07-29 06:30:14,317 basehttp 25397 6180188160 "GET /api/trips/ HTTP/1.1" 200 1535
INFO 2025-07-29 06:30:14,323 basehttp 25397 6163361792 "GET /api/trips/ HTTP/1.1" 200 1535
ERROR 2025-07-29 06:30:14,403 google_places 25397 6163361792 Google Places API key not configured
ERROR 2025-07-29 06:30:14,403 google_places 25397 6163361792 Google Places API key not configured
ERROR 2025-07-29 06:30:14,403 google_places 25397 6163361792 Google Places API key not configured
INFO 2025-07-29 06:30:14,404 basehttp 25397 6163361792 "GET /api/recommendations/?lat=-1.2921&lng=36.8219 HTTP/1.1" 200 55
INFO 2025-07-29 06:30:21,726 basehttp 25397 6163361792 "OPTIONS /api/trips/17/stops/ HTTP/1.1" 200 0
WARNING 2025-07-29 06:30:21,736 log 25397 6163361792 Bad Request: /api/trips/17/stops/
WARNING 2025-07-29 06:30:21,736 basehttp 25397 6163361792 "POST /api/trips/17/stops/ HTTP/1.1" 400 37
WARNING 2025-07-29 06:30:24,380 log 25397 6163361792 Bad Request: /api/trips/17/stops/
WARNING 2025-07-29 06:30:24,380 basehttp 25397 6163361792 "POST /api/trips/17/stops/ HTTP/1.1" 400 37
INFO 2025-07-29 06:30:26,233 basehttp 25397 6163361792 "GET /api/auth/me/ HTTP/1.1" 200 356
INFO 2025-07-29 06:30:26,249 basehttp 25397 6163361792 "GET /api/auth/me/ HTTP/1.1" 200 356
INFO 2025-07-29 06:30:26,344 basehttp 25397 6163361792 "GET /api/trips/ HTTP/1.1" 200 1535
INFO 2025-07-29 06:30:26,362 basehttp 25397 6180188160 "GET /api/trips/ HTTP/1.1" 200 1535
ERROR 2025-07-29 06:30:26,416 google_places 25397 6180188160 Google Places API key not configured
ERROR 2025-07-29 06:30:26,416 google_places 25397 6180188160 Google Places API key not configured
ERROR 2025-07-29 06:30:26,416 google_places 25397 6180188160 Google Places API key not configured
INFO 2025-07-29 06:30:26,417 basehttp 25397 6180188160 "GET /api/recommendations/?lat=-1.2921&lng=36.8219 HTTP/1.1" 200 55
WARNING 2025-07-29 06:30:29,288 log 25397 6163361792 Bad Request: /api/trips/17/stops/
WARNING 2025-07-29 06:30:29,289 basehttp 25397 6163361792 "POST /api/trips/17/stops/ HTTP/1.1" 400 37
WARNING 2025-07-29 06:30:32,812 log 25397 6163361792 Bad Request: /api/trips/17/stops/
WARNING 2025-07-29 06:30:32,812 basehttp 25397 6163361792 "POST /api/trips/17/stops/ HTTP/1.1" 400 37
WARNING 2025-07-29 06:30:35,007 log 25397 6163361792 Bad Request: /api/trips/17/stops/
WARNING 2025-07-29 06:30:35,007 basehttp 25397 6163361792 "POST /api/trips/17/stops/ HTTP/1.1" 400 37
WARNING 2025-07-29 06:30:37,066 log 25397 6163361792 Bad Request: /api/trips/17/stops/
WARNING 2025-07-29 06:30:37,066 basehttp 25397 6163361792 "POST /api/trips/17/stops/ HTTP/1.1" 400 37
INFO 2025-07-29 06:31:43,590 basehttp 25397 6163361792 "POST /api/trips/ HTTP/1.1" 201 60846
INFO 2025-07-29 06:31:50,564 basehttp 25397 6163361792 "OPTIONS /api/auth/logout/ HTTP/1.1" 200 0
WARNING 2025-07-29 06:31:50,566 log 25397 6163361792 Bad Request: /api/auth/logout/
WARNING 2025-07-29 06:31:50,566 basehttp 25397 6163361792 "POST /api/auth/logout/ HTTP/1.1" 400 26
INFO 2025-07-29 06:31:55,786 basehttp 25397 6163361792 "POST /api/auth/login/ HTTP/1.1" 200 858
INFO 2025-07-29 06:31:55,845 basehttp 25397 6163361792 "GET /api/trips/ HTTP/1.1" 200 1897
INFO 2025-07-29 06:31:55,853 basehttp 25397 6163361792 "GET /api/trips/ HTTP/1.1" 200 1897
ERROR 2025-07-29 06:31:55,914 google_places 25397 6163361792 Google Places API key not configured
ERROR 2025-07-29 06:31:55,915 google_places 25397 6163361792 Google Places API key not configured
ERROR 2025-07-29 06:31:55,915 google_places 25397 6163361792 Google Places API key not configured
INFO 2025-07-29 06:31:55,915 basehttp 25397 6163361792 "GET /api/recommendations/?lat=-1.2921&lng=36.8219 HTTP/1.1" 200 55
INFO 2025-07-29 06:32:35,177 basehttp 25397 6163361792 "GET /api/auth/me/ HTTP/1.1" 200 356
INFO 2025-07-29 06:32:35,180 basehttp 25397 6163361792 "GET /api/auth/me/ HTTP/1.1" 200 356
INFO 2025-07-29 06:32:35,291 basehttp 25397 6163361792 "GET /api/trips/ HTTP/1.1" 200 1897
INFO 2025-07-29 06:32:35,306 basehttp 25397 6180188160 "GET /api/trips/ HTTP/1.1" 200 1897
ERROR 2025-07-29 06:32:35,398 google_places 25397 6180188160 Google Places API key not configured
ERROR 2025-07-29 06:32:35,398 google_places 25397 6180188160 Google Places API key not configured
ERROR 2025-07-29 06:32:35,398 google_places 25397 6180188160 Google Places API key not configured
INFO 2025-07-29 06:32:35,398 basehttp 25397 6180188160 "GET /api/recommendations/?lat=-1.2921&lng=36.8219 HTTP/1.1" 200 55
WARNING 2025-07-29 06:33:08,848 log 25397 6163361792 Bad Request: /api/auth/logout/
WARNING 2025-07-29 06:33:08,849 basehttp 25397 6163361792 "POST /api/auth/logout/ HTTP/1.1" 400 26
INFO 2025-07-29 06:34:37,543 basehttp 25397 6163361792 "POST /api/auth/login/ HTTP/1.1" 200 858
INFO 2025-07-29 06:34:37,620 basehttp 25397 6163361792 "GET /api/trips/ HTTP/1.1" 200 1897
INFO 2025-07-29 06:34:37,628 basehttp 25397 6163361792 "GET /api/trips/ HTTP/1.1" 200 1897
ERROR 2025-07-29 06:34:37,694 google_places 25397 6163361792 Google Places API key not configured
ERROR 2025-07-29 06:34:37,694 google_places 25397 6163361792 Google Places API key not configured
ERROR 2025-07-29 06:34:37,694 google_places 25397 6163361792 Google Places API key not configured
INFO 2025-07-29 06:34:37,695 basehttp 25397 6163361792 "GET /api/recommendations/?lat=-1.2921&lng=36.8219 HTTP/1.1" 200 55
INFO 2025-07-29 06:34:41,946 basehttp 25397 6163361792 "GET /api/auth/me/ HTTP/1.1" 200 356
INFO 2025-07-29 06:34:41,951 basehttp 25397 6163361792 "GET /api/auth/me/ HTTP/1.1" 200 356
INFO 2025-07-29 06:34:42,007 basehttp 25397 6163361792 "GET /api/trips/ HTTP/1.1" 200 1897
INFO 2025-07-29 06:34:42,018 basehttp 25397 6180188160 "GET /api/trips/ HTTP/1.1" 200 1897
ERROR 2025-07-29 06:34:42,084 google_places 25397 6180188160 Google Places API key not configured
ERROR 2025-07-29 06:34:42,084 google_places 25397 6180188160 Google Places API key not configured
ERROR 2025-07-29 06:34:42,084 google_places 25397 6180188160 Google Places API key not configured
INFO 2025-07-29 06:34:42,084 basehttp 25397 6180188160 "GET /api/recommendations/?lat=-1.2921&lng=36.8219 HTTP/1.1" 200 55
WARNING 2025-07-29 06:34:44,231 log 25397 6180188160 Bad Request: /api/auth/logout/
WARNING 2025-07-29 06:34:44,231 basehttp 25397 6180188160 "POST /api/auth/logout/ HTTP/1.1" 400 26
INFO 2025-07-29 06:37:03,558 basehttp 25397 6163361792 "POST /api/auth/login/ HTTP/1.1" 200 858
INFO 2025-07-29 06:37:03,695 basehttp 25397 6163361792 "GET /api/trips/ HTTP/1.1" 200 1897
INFO 2025-07-29 06:37:03,705 basehttp 25397 6163361792 "GET /api/trips/ HTTP/1.1" 200 1897
ERROR 2025-07-29 06:37:03,730 google_places 25397 6163361792 Google Places API key not configured
ERROR 2025-07-29 06:37:03,730 google_places 25397 6163361792 Google Places API key not configured
ERROR 2025-07-29 06:37:03,730 google_places 25397 6163361792 Google Places API key not configured
INFO 2025-07-29 06:37:03,730 basehttp 25397 6163361792 "GET /api/recommendations/?lat=-1.2921&lng=36.8219 HTTP/1.1" 200 55
WARNING 2025-07-29 06:38:20,523 log 25397 6163361792 Bad Request: /api/auth/logout/
WARNING 2025-07-29 06:38:20,523 basehttp 25397 6163361792 "POST /api/auth/logout/ HTTP/1.1" 400 26
INFO 2025-07-29 06:38:25,310 basehttp 25397 6163361792 "POST /api/auth/login/ HTTP/1.1" 200 858
INFO 2025-07-29 06:38:25,403 basehttp 25397 6163361792 "GET /api/trips/ HTTP/1.1" 200 1897
INFO 2025-07-29 06:38:25,431 basehttp 25397 6163361792 "GET /api/trips/ HTTP/1.1" 200 1897
ERROR 2025-07-29 06:38:25,571 google_places 25397 6163361792 Google Places API key not configured
ERROR 2025-07-29 06:38:25,571 google_places 25397 6163361792 Google Places API key not configured
ERROR 2025-07-29 06:38:25,571 google_places 25397 6163361792 Google Places API key not configured
INFO 2025-07-29 06:38:25,577 basehttp 25397 6163361792 "GET /api/recommendations/?lat=-1.2921&lng=36.8219 HTTP/1.1" 200 55
ERROR 2025-07-29 06:38:39,038 google_places 25397 6163361792 Google Places API key not configured
ERROR 2025-07-29 06:38:39,038 google_places 25397 6163361792 Google Places API key not configured
ERROR 2025-07-29 06:38:39,038 google_places 25397 6163361792 Google Places API key not configured
INFO 2025-07-29 06:38:39,039 basehttp 25397 6163361792 "GET /api/recommendations/?lat=-1.2921&lng=36.8219 HTTP/1.1" 200 55
ERROR 2025-07-29 06:38:40,168 google_places 25397 6163361792 Google Places API key not configured
ERROR 2025-07-29 06:38:40,168 google_places 25397 6163361792 Google Places API key not configured
ERROR 2025-07-29 06:38:40,168 google_places 25397 6163361792 Google Places API key not configured
INFO 2025-07-29 06:38:40,169 basehttp 25397 6163361792 "GET /api/recommendations/?lat=-1.2921&lng=36.8219 HTTP/1.1" 200 55
WARNING 2025-07-29 06:39:16,283 log 25397 6163361792 Unauthorized: /api/trips/
WARNING 2025-07-29 06:39:16,283 basehttp 25397 6163361792 "GET /api/trips/ HTTP/1.1" 401 172
INFO 2025-07-29 06:39:20,445 basehttp 25397 6163361792 "POST /api/auth/login/ HTTP/1.1" 200 858
INFO 2025-07-29 06:39:28,764 basehttp 25397 6163361792 "GET /api/trips/ HTTP/1.1" 200 1897
INFO 2025-07-29 06:40:03,883 basehttp 25397 6163361792 "DELETE /api/trips/14/ HTTP/1.1" 204 0
INFO 2025-07-29 06:40:08,965 basehttp 25397 6163361792 "DELETE /api/trips/15/ HTTP/1.1" 204 0
INFO 2025-07-29 06:40:12,727 basehttp 25397 6163361792 "DELETE /api/trips/16/ HTTP/1.1" 204 0
INFO 2025-07-29 06:40:17,359 basehttp 25397 6163361792 "DELETE /api/trips/17/ HTTP/1.1" 204 0
INFO 2025-07-29 06:40:21,748 basehttp 25397 6163361792 "DELETE /api/trips/18/ HTTP/1.1" 204 0
INFO 2025-07-29 06:40:25,116 basehttp 25397 6163361792 "GET /api/trips/ HTTP/1.1" 200 52
WARNING 2025-07-29 06:40:41,479 log 25397 6180188160 Bad Request: /api/auth/logout/
WARNING 2025-07-29 06:40:41,480 basehttp 25397 6180188160 "POST /api/auth/logout/ HTTP/1.1" 400 26
INFO 2025-07-29 06:40:45,440 basehttp 25397 6180188160 "POST /api/auth/login/ HTTP/1.1" 200 858
INFO 2025-07-29 06:40:45,496 basehttp 25397 6180188160 "GET /api/trips/ HTTP/1.1" 200 52
INFO 2025-07-29 06:40:45,500 basehttp 25397 6180188160 "GET /api/trips/ HTTP/1.1" 200 52
INFO 2025-07-29 06:47:56,161 basehttp 25397 6180188160 "GET /api/auth/me/ HTTP/1.1" 200 356
INFO 2025-07-29 06:47:56,165 basehttp 25397 6180188160 "GET /api/auth/me/ HTTP/1.1" 200 356
INFO 2025-07-29 06:47:56,274 basehttp 25397 6180188160 "GET /api/trips/ HTTP/1.1" 200 52
INFO 2025-07-29 06:47:56,277 basehttp 25397 6197014528 "GET /api/trips/ HTTP/1.1" 200 52
INFO 2025-07-29 06:48:15,899 basehttp 25397 6180188160 "GET /api/auth/me/ HTTP/1.1" 200 356
INFO 2025-07-29 06:48:15,910 basehttp 25397 6180188160 "GET /api/auth/me/ HTTP/1.1" 200 356
INFO 2025-07-29 06:48:15,976 basehttp 25397 6180188160 "GET /api/trips/ HTTP/1.1" 200 52
INFO 2025-07-29 06:48:15,984 basehttp 25397 6197014528 "GET /api/trips/ HTTP/1.1" 200 52
INFO 2025-07-29 06:48:34,970 basehttp 25397 6180188160 "GET /api/auth/me/ HTTP/1.1" 200 356
INFO 2025-07-29 06:48:34,974 basehttp 25397 6180188160 "GET /api/auth/me/ HTTP/1.1" 200 356
INFO 2025-07-29 06:48:35,148 basehttp 25397 6180188160 "GET /api/trips/ HTTP/1.1" 200 52
INFO 2025-07-29 06:48:35,152 basehttp 25397 6197014528 "GET /api/trips/ HTTP/1.1" 200 52
INFO 2025-07-29 06:51:05,711 basehttp 25397 6180188160 "POST /api/trips/ HTTP/1.1" 201 64565
INFO 2025-07-29 06:51:09,545 basehttp 25397 6180188160 "GET /api/auth/me/ HTTP/1.1" 200 356
INFO 2025-07-29 06:51:09,548 basehttp 25397 6180188160 "GET /api/auth/me/ HTTP/1.1" 200 356
INFO 2025-07-29 06:51:09,645 basehttp 25397 6180188160 "GET /api/trips/ HTTP/1.1" 200 435
INFO 2025-07-29 06:51:09,650 basehttp 25397 6197014528 "GET /api/trips/ HTTP/1.1" 200 435
ERROR 2025-07-29 06:51:09,716 google_places 25397 6197014528 Google Places API key not configured
ERROR 2025-07-29 06:51:09,716 google_places 25397 6197014528 Google Places API key not configured
ERROR 2025-07-29 06:51:09,716 google_places 25397 6197014528 Google Places API key not configured
INFO 2025-07-29 06:51:09,716 basehttp 25397 6197014528 "GET /api/recommendations/?lat=-1.2921&lng=36.8219 HTTP/1.1" 200 55
INFO 2025-07-29 06:56:44,960 basehttp 25397 6180188160 "OPTIONS /api/trips/19/stops/ HTTP/1.1" 200 0
WARNING 2025-07-29 06:56:44,970 log 25397 6180188160 Bad Request: /api/trips/19/stops/
WARNING 2025-07-29 06:56:44,970 basehttp 25397 6180188160 "POST /api/trips/19/stops/ HTTP/1.1" 400 37
WARNING 2025-07-29 06:56:48,672 log 25397 6180188160 Bad Request: /api/trips/19/stops/
WARNING 2025-07-29 06:56:48,672 basehttp 25397 6180188160 "POST /api/trips/19/stops/ HTTP/1.1" 400 37
INFO 2025-07-29 07:01:51,250 basehttp 25397 6180188160 "OPTIONS /api/auth/me/ HTTP/1.1" 200 0
INFO 2025-07-29 07:01:51,250 basehttp 25397 6197014528 "OPTIONS /api/auth/me/ HTTP/1.1" 200 0
INFO 2025-07-29 07:01:51,267 basehttp 25397 6197014528 "GET /api/auth/me/ HTTP/1.1" 200 356
INFO 2025-07-29 07:01:51,270 basehttp 25397 6180188160 "GET /api/auth/me/ HTTP/1.1" 200 356
INFO 2025-07-29 07:01:51,389 basehttp 25397 6180188160 "GET /api/trips/ HTTP/1.1" 200 435
INFO 2025-07-29 07:01:51,395 basehttp 25397 6197014528 "GET /api/trips/ HTTP/1.1" 200 435
ERROR 2025-07-29 07:01:51,508 google_places 25397 6197014528 Google Places API key not configured
ERROR 2025-07-29 07:01:51,508 google_places 25397 6197014528 Google Places API key not configured
ERROR 2025-07-29 07:01:51,508 google_places 25397 6197014528 Google Places API key not configured
INFO 2025-07-29 07:01:51,508 basehttp 25397 6197014528 "GET /api/recommendations/?lat=-1.2921&lng=36.8219 HTTP/1.1" 200 55
INFO 2025-07-29 07:01:58,349 basehttp 25397 6180188160 "GET /api/auth/me/ HTTP/1.1" 200 356
INFO 2025-07-29 07:01:58,357 basehttp 25397 6180188160 "GET /api/auth/me/ HTTP/1.1" 200 356
INFO 2025-07-29 07:01:58,463 basehttp 25397 6180188160 "GET /api/trips/ HTTP/1.1" 200 435
INFO 2025-07-29 07:01:58,468 basehttp 25397 6197014528 "GET /api/trips/ HTTP/1.1" 200 435
ERROR 2025-07-29 07:01:58,529 google_places 25397 6197014528 Google Places API key not configured
ERROR 2025-07-29 07:01:58,529 google_places 25397 6197014528 Google Places API key not configured
ERROR 2025-07-29 07:01:58,529 google_places 25397 6197014528 Google Places API key not configured
INFO 2025-07-29 07:01:58,529 basehttp 25397 6197014528 "GET /api/recommendations/?lat=-1.2921&lng=36.8219 HTTP/1.1" 200 55
INFO 2025-07-29 07:03:15,314 basehttp 25397 6180188160 "GET /api/trips/ HTTP/1.1" 200 435
INFO 2025-07-29 07:03:15,337 basehttp 25397 6197014528 "GET /api/trips/ HTTP/1.1" 200 435
ERROR 2025-07-29 07:03:15,339 google_places 25397 6180188160 Google Places API key not configured
ERROR 2025-07-29 07:03:15,339 google_places 25397 6180188160 Google Places API key not configured
ERROR 2025-07-29 07:03:15,339 google_places 25397 6180188160 Google Places API key not configured
INFO 2025-07-29 07:03:15,340 basehttp 25397 6180188160 "GET /api/recommendations/?lat=-1.2921&lng=36.8219 HTTP/1.1" 200 55
INFO 2025-07-29 07:03:15,788 basehttp 25397 6180188160 "GET /api/auth/me/ HTTP/1.1" 200 356
INFO 2025-07-29 07:03:15,933 basehttp 25397 6197014528 "GET /api/auth/me/ HTTP/1.1" 200 356
INFO 2025-07-29 07:03:15,934 basehttp 25397 6180188160 "GET /api/trips/ HTTP/1.1" 200 435
INFO 2025-07-29 07:03:15,952 basehttp 25397 6197014528 "GET /api/trips/ HTTP/1.1" 200 435
ERROR 2025-07-29 07:03:15,970 google_places 25397 6197014528 Google Places API key not configured
ERROR 2025-07-29 07:03:15,970 google_places 25397 6197014528 Google Places API key not configured
ERROR 2025-07-29 07:03:15,970 google_places 25397 6197014528 Google Places API key not configured
INFO 2025-07-29 07:03:15,971 basehttp 25397 6197014528 "GET /api/recommendations/?lat=-1.2921&lng=36.8219 HTTP/1.1" 200 55
INFO 2025-07-29 07:03:55,182 basehttp 25397 6180188160 "GET /api/auth/me/ HTTP/1.1" 200 356
INFO 2025-07-29 07:03:55,186 basehttp 25397 6180188160 "GET /api/auth/me/ HTTP/1.1" 200 356
INFO 2025-07-29 07:03:55,305 basehttp 25397 6180188160 "GET /api/trips/ HTTP/1.1" 200 435
INFO 2025-07-29 07:03:55,311 basehttp 25397 6197014528 "GET /api/trips/ HTTP/1.1" 200 435
ERROR 2025-07-29 07:03:55,391 google_places 25397 6197014528 Google Places API key not configured
ERROR 2025-07-29 07:03:55,391 google_places 25397 6197014528 Google Places API key not configured
ERROR 2025-07-29 07:03:55,391 google_places 25397 6197014528 Google Places API key not configured
INFO 2025-07-29 07:03:55,391 basehttp 25397 6197014528 "GET /api/recommendations/?lat=-1.2921&lng=36.8219 HTTP/1.1" 200 55
INFO 2025-07-29 07:05:16,322 basehttp 25397 6180188160 "GET /api/auth/me/ HTTP/1.1" 200 356
INFO 2025-07-29 07:05:16,326 basehttp 25397 6180188160 "GET /api/auth/me/ HTTP/1.1" 200 356
INFO 2025-07-29 07:05:16,465 basehttp 25397 6180188160 "GET /api/trips/ HTTP/1.1" 200 435
INFO 2025-07-29 07:05:16,469 basehttp 25397 6197014528 "GET /api/trips/ HTTP/1.1" 200 435
INFO 2025-07-29 07:05:16,530 basehttp 25397 6197014528 "OPTIONS /api/recommendations/?lat=-1.2921&lng=36.8219 HTTP/1.1" 200 0
ERROR 2025-07-29 07:05:16,532 google_places 25397 6197014528 Google Places API key not configured
ERROR 2025-07-29 07:05:16,532 google_places 25397 6197014528 Google Places API key not configured
ERROR 2025-07-29 07:05:16,532 google_places 25397 6197014528 Google Places API key not configured
INFO 2025-07-29 07:05:16,532 basehttp 25397 6197014528 "GET /api/recommendations/?lat=-1.2921&lng=36.8219 HTTP/1.1" 200 55
INFO 2025-07-29 07:05:27,027 basehttp 25397 6180188160 "GET /api/auth/me/ HTTP/1.1" 200 356
INFO 2025-07-29 07:05:27,036 basehttp 25397 6197014528 "GET /api/auth/me/ HTTP/1.1" 200 356
INFO 2025-07-29 07:05:27,091 basehttp 25397 6197014528 "GET /api/trips/ HTTP/1.1" 200 435
INFO 2025-07-29 07:05:27,098 basehttp 25397 6180188160 "GET /api/trips/ HTTP/1.1" 200 435
ERROR 2025-07-29 07:05:27,175 google_places 25397 6180188160 Google Places API key not configured
ERROR 2025-07-29 07:05:27,176 google_places 25397 6180188160 Google Places API key not configured
ERROR 2025-07-29 07:05:27,176 google_places 25397 6180188160 Google Places API key not configured
INFO 2025-07-29 07:05:27,176 basehttp 25397 6180188160 "GET /api/recommendations/?lat=-1.2921&lng=36.8219 HTTP/1.1" 200 55
INFO 2025-07-29 07:06:04,152 basehttp 25397 6180188160 "GET /api/auth/me/ HTTP/1.1" 200 356
INFO 2025-07-29 07:06:04,155 basehttp 25397 6180188160 "GET /api/auth/me/ HTTP/1.1" 200 356
INFO 2025-07-29 07:06:04,337 basehttp 25397 6180188160 "GET /api/trips/ HTTP/1.1" 200 435
INFO 2025-07-29 07:06:04,362 basehttp 25397 6180188160 "GET /api/trips/ HTTP/1.1" 200 435
ERROR 2025-07-29 07:06:04,418 google_places 25397 6180188160 Google Places API key not configured
ERROR 2025-07-29 07:06:04,418 google_places 25397 6180188160 Google Places API key not configured
ERROR 2025-07-29 07:06:04,418 google_places 25397 6180188160 Google Places API key not configured
INFO 2025-07-29 07:06:04,419 basehttp 25397 6180188160 "GET /api/recommendations/?lat=-1.2921&lng=36.8219 HTTP/1.1" 200 55
INFO 2025-07-29 07:06:23,521 basehttp 25397 6180188160 "GET /api/auth/me/ HTTP/1.1" 200 356
INFO 2025-07-29 07:06:23,531 basehttp 25397 6180188160 "GET /api/auth/me/ HTTP/1.1" 200 356
INFO 2025-07-29 07:06:23,581 basehttp 25397 6180188160 "GET /api/trips/ HTTP/1.1" 200 435
INFO 2025-07-29 07:06:23,587 basehttp 25397 6197014528 "GET /api/trips/ HTTP/1.1" 200 435
ERROR 2025-07-29 07:06:23,660 google_places 25397 6197014528 Google Places API key not configured
ERROR 2025-07-29 07:06:23,660 google_places 25397 6197014528 Google Places API key not configured
ERROR 2025-07-29 07:06:23,660 google_places 25397 6197014528 Google Places API key not configured
INFO 2025-07-29 07:06:23,660 basehttp 25397 6197014528 "GET /api/recommendations/?lat=-1.2921&lng=36.8219 HTTP/1.1" 200 55
WARNING 2025-07-29 07:06:58,629 log 25397 6180188160 Bad Request: /api/trips/19/stops/
WARNING 2025-07-29 07:06:58,629 basehttp 25397 6180188160 "POST /api/trips/19/stops/ HTTP/1.1" 400 37
WARNING 2025-07-29 07:07:06,894 log 25397 6180188160 Bad Request: /api/trips/19/stops/
WARNING 2025-07-29 07:07:06,894 basehttp 25397 6180188160 "POST /api/trips/19/stops/ HTTP/1.1" 400 37
INFO 2025-07-29 07:09:01,429 basehttp 25397 6180188160 "GET /api/auth/me/ HTTP/1.1" 200 356
INFO 2025-07-29 07:09:01,432 basehttp 25397 6180188160 "GET /api/auth/me/ HTTP/1.1" 200 356
INFO 2025-07-29 07:09:01,526 basehttp 25397 6180188160 "GET /api/trips/ HTTP/1.1" 200 435
INFO 2025-07-29 07:09:01,530 basehttp 25397 6197014528 "GET /api/trips/ HTTP/1.1" 200 435
ERROR 2025-07-29 07:09:01,602 google_places 25397 6197014528 Google Places API key not configured
ERROR 2025-07-29 07:09:01,602 google_places 25397 6197014528 Google Places API key not configured
ERROR 2025-07-29 07:09:01,602 google_places 25397 6197014528 Google Places API key not configured
INFO 2025-07-29 07:09:01,603 basehttp 25397 6197014528 "GET /api/recommendations/?lat=-1.2921&lng=36.8219 HTTP/1.1" 200 55
WARNING 2025-07-29 07:09:04,011 log 25397 6180188160 Bad Request: /api/trips/19/stops/
WARNING 2025-07-29 07:09:04,011 basehttp 25397 6180188160 "POST /api/trips/19/stops/ HTTP/1.1" 400 37
WARNING 2025-07-29 07:09:06,456 log 25397 6180188160 Bad Request: /api/trips/19/stops/
WARNING 2025-07-29 07:09:06,457 basehttp 25397 6180188160 "POST /api/trips/19/stops/ HTTP/1.1" 400 37
INFO 2025-07-29 07:09:23,839 basehttp 25397 6180188160 "GET /api/auth/me/ HTTP/1.1" 200 356
INFO 2025-07-29 07:09:23,849 basehttp 25397 6180188160 "GET /api/auth/me/ HTTP/1.1" 200 356
INFO 2025-07-29 07:09:25,398 basehttp 25397 6180188160 "GET /api/auth/me/ HTTP/1.1" 200 356
INFO 2025-07-29 07:09:25,408 basehttp 25397 6197014528 "GET /api/auth/me/ HTTP/1.1" 200 356
INFO 2025-07-29 07:10:18,759 basehttp 25397 6180188160 "GET /api/auth/me/ HTTP/1.1" 200 356
INFO 2025-07-29 07:10:18,762 basehttp 25397 6180188160 "GET /api/auth/me/ HTTP/1.1" 200 356
INFO 2025-07-29 07:10:18,827 basehttp 25397 6180188160 "GET /api/trips/ HTTP/1.1" 200 435
INFO 2025-07-29 07:10:18,838 basehttp 25397 6197014528 "GET /api/trips/ HTTP/1.1" 200 435
ERROR 2025-07-29 07:10:18,938 google_places 25397 6197014528 Google Places API key not configured
ERROR 2025-07-29 07:10:18,939 google_places 25397 6197014528 Google Places API key not configured
ERROR 2025-07-29 07:10:18,939 google_places 25397 6197014528 Google Places API key not configured
INFO 2025-07-29 07:10:18,939 basehttp 25397 6197014528 "GET /api/recommendations/?lat=-1.2921&lng=36.8219 HTTP/1.1" 200 55
INFO 2025-07-29 07:11:44,074 basehttp 25397 6180188160 "GET /api/auth/me/ HTTP/1.1" 200 356
INFO 2025-07-29 07:11:44,078 basehttp 25397 6197014528 "GET /api/auth/me/ HTTP/1.1" 200 356
INFO 2025-07-29 07:11:44,296 basehttp 25397 6197014528 "GET /api/trips/ HTTP/1.1" 200 435
INFO 2025-07-29 07:11:44,301 basehttp 25397 6180188160 "GET /api/trips/ HTTP/1.1" 200 435
ERROR 2025-07-29 07:11:44,412 google_places 25397 6180188160 Google Places API key not configured
ERROR 2025-07-29 07:11:44,413 google_places 25397 6180188160 Google Places API key not configured
ERROR 2025-07-29 07:11:44,413 google_places 25397 6180188160 Google Places API key not configured
INFO 2025-07-29 07:11:44,413 basehttp 25397 6180188160 "GET /api/recommendations/?lat=-1.2921&lng=36.8219 HTTP/1.1" 200 55
INFO 2025-07-29 07:11:59,670 basehttp 25397 6180188160 "GET /api/auth/me/ HTTP/1.1" 200 356
INFO 2025-07-29 07:11:59,679 basehttp 25397 6180188160 "GET /api/auth/me/ HTTP/1.1" 200 356
INFO 2025-07-29 07:11:59,737 basehttp 25397 6180188160 "GET /api/trips/ HTTP/1.1" 200 435
INFO 2025-07-29 07:11:59,743 basehttp 25397 6197014528 "GET /api/trips/ HTTP/1.1" 200 435
ERROR 2025-07-29 07:11:59,816 google_places 25397 6197014528 Google Places API key not configured
ERROR 2025-07-29 07:11:59,816 google_places 25397 6197014528 Google Places API key not configured
ERROR 2025-07-29 07:11:59,816 google_places 25397 6197014528 Google Places API key not configured
INFO 2025-07-29 07:11:59,817 basehttp 25397 6197014528 "GET /api/recommendations/?lat=-1.2921&lng=36.8219 HTTP/1.1" 200 55
INFO 2025-07-29 07:12:38,093 basehttp 25397 6180188160 "GET /api/auth/me/ HTTP/1.1" 200 356
INFO 2025-07-29 07:12:38,101 basehttp 25397 6180188160 "GET /api/auth/me/ HTTP/1.1" 200 356
INFO 2025-07-29 07:12:38,156 basehttp 25397 6180188160 "GET /api/trips/ HTTP/1.1" 200 435
INFO 2025-07-29 07:12:38,163 basehttp 25397 6197014528 "GET /api/trips/ HTTP/1.1" 200 435
ERROR 2025-07-29 07:12:38,232 google_places 25397 6197014528 Google Places API key not configured
ERROR 2025-07-29 07:12:38,232 google_places 25397 6197014528 Google Places API key not configured
ERROR 2025-07-29 07:12:38,232 google_places 25397 6197014528 Google Places API key not configured
INFO 2025-07-29 07:12:38,232 basehttp 25397 6197014528 "GET /api/recommendations/?lat=-1.2921&lng=36.8219 HTTP/1.1" 200 55
INFO 2025-07-29 07:14:06,719 basehttp 25397 6180188160 "GET /api/auth/me/ HTTP/1.1" 200 356
INFO 2025-07-29 07:14:06,722 basehttp 25397 6180188160 "GET /api/auth/me/ HTTP/1.1" 200 356
INFO 2025-07-29 07:14:06,851 basehttp 25397 6180188160 "GET /api/trips/ HTTP/1.1" 200 435
INFO 2025-07-29 07:14:06,860 basehttp 25397 6197014528 "GET /api/trips/ HTTP/1.1" 200 435
ERROR 2025-07-29 07:14:06,939 google_places 25397 6197014528 Google Places API key not configured
ERROR 2025-07-29 07:14:06,939 google_places 25397 6197014528 Google Places API key not configured
ERROR 2025-07-29 07:14:06,939 google_places 25397 6197014528 Google Places API key not configured
INFO 2025-07-29 07:14:06,940 basehttp 25397 6197014528 "GET /api/recommendations/?lat=-1.2921&lng=36.8219 HTTP/1.1" 200 55
WARNING 2025-07-29 07:14:17,092 log 25397 6180188160 Bad Request: /api/trips/19/stops/
WARNING 2025-07-29 07:14:17,092 basehttp 25397 6180188160 "POST /api/trips/19/stops/ HTTP/1.1" 400 37
WARNING 2025-07-29 07:14:21,724 log 25397 6180188160 Bad Request: /api/trips/19/stops/
WARNING 2025-07-29 07:14:21,725 basehttp 25397 6180188160 "POST /api/trips/19/stops/ HTTP/1.1" 400 37
WARNING 2025-07-29 07:14:24,679 log 25397 6180188160 Bad Request: /api/trips/19/stops/
WARNING 2025-07-29 07:14:24,679 basehttp 25397 6180188160 "POST /api/trips/19/stops/ HTTP/1.1" 400 37
WARNING 2025-07-29 07:14:26,640 log 25397 6180188160 Bad Request: /api/trips/19/stops/
WARNING 2025-07-29 07:14:26,640 basehttp 25397 6180188160 "POST /api/trips/19/stops/ HTTP/1.1" 400 37
INFO 2025-07-29 07:15:48,810 basehttp 25397 6180188160 "GET /api/auth/me/ HTTP/1.1" 200 356
INFO 2025-07-29 07:15:48,816 basehttp 25397 6180188160 "GET /api/auth/me/ HTTP/1.1" 200 356
INFO 2025-07-29 07:15:49,150 basehttp 25397 6180188160 "GET /api/trips/ HTTP/1.1" 200 435
INFO 2025-07-29 07:15:49,160 basehttp 25397 6197014528 "GET /api/trips/ HTTP/1.1" 200 435
ERROR 2025-07-29 07:15:49,258 google_places 25397 6197014528 Google Places API key not configured
ERROR 2025-07-29 07:15:49,262 google_places 25397 6197014528 Google Places API key not configured
ERROR 2025-07-29 07:15:49,262 google_places 25397 6197014528 Google Places API key not configured
INFO 2025-07-29 07:15:49,264 basehttp 25397 6197014528 "GET /api/recommendations/?lat=-1.2921&lng=36.8219 HTTP/1.1" 200 55
WARNING 2025-07-29 07:15:54,144 log 25397 6180188160 Bad Request: /api/trips/19/stops/
WARNING 2025-07-29 07:15:54,144 basehttp 25397 6180188160 "POST /api/trips/19/stops/ HTTP/1.1" 400 37
WARNING 2025-07-29 07:15:56,401 log 25397 6180188160 Bad Request: /api/trips/19/stops/
WARNING 2025-07-29 07:15:56,401 basehttp 25397 6180188160 "POST /api/trips/19/stops/ HTTP/1.1" 400 37
WARNING 2025-07-29 07:15:58,767 log 25397 6180188160 Bad Request: /api/trips/19/stops/
WARNING 2025-07-29 07:15:58,767 basehttp 25397 6180188160 "POST /api/trips/19/stops/ HTTP/1.1" 400 37
INFO 2025-07-29 07:20:41,807 basehttp 25397 6180188160 "GET /api/auth/me/ HTTP/1.1" 200 356
INFO 2025-07-29 07:20:41,810 basehttp 25397 6180188160 "GET /api/auth/me/ HTTP/1.1" 200 356
INFO 2025-07-29 07:20:41,910 basehttp 25397 6180188160 "GET /api/trips/ HTTP/1.1" 200 435
INFO 2025-07-29 07:20:41,914 basehttp 25397 6197014528 "GET /api/trips/ HTTP/1.1" 200 435
ERROR 2025-07-29 07:20:41,992 google_places 25397 6197014528 Google Places API key not configured
ERROR 2025-07-29 07:20:41,992 google_places 25397 6197014528 Google Places API key not configured
ERROR 2025-07-29 07:20:41,992 google_places 25397 6197014528 Google Places API key not configured
INFO 2025-07-29 07:20:41,992 basehttp 25397 6197014528 "GET /api/recommendations/?lat=-1.2921&lng=36.8219 HTTP/1.1" 200 55
WARNING 2025-07-29 07:20:44,733 log 25397 6180188160 Bad Request: /api/trips/19/stops/
WARNING 2025-07-29 07:20:44,733 basehttp 25397 6180188160 "POST /api/trips/19/stops/ HTTP/1.1" 400 37
WARNING 2025-07-29 07:20:48,235 log 25397 6180188160 Bad Request: /api/trips/19/stops/
WARNING 2025-07-29 07:20:48,236 basehttp 25397 6180188160 "POST /api/trips/19/stops/ HTTP/1.1" 400 37
WARNING 2025-07-29 07:20:49,846 log 25397 6180188160 Bad Request: /api/trips/19/stops/
WARNING 2025-07-29 07:20:49,846 basehttp 25397 6180188160 "POST /api/trips/19/stops/ HTTP/1.1" 400 37
INFO 2025-07-29 07:24:51,721 basehttp 25397 6180188160 "GET /api/auth/me/ HTTP/1.1" 200 356
INFO 2025-07-29 07:24:51,725 basehttp 25397 6180188160 "GET /api/auth/me/ HTTP/1.1" 200 356
INFO 2025-07-29 07:24:51,841 basehttp 25397 6180188160 "GET /api/trips/ HTTP/1.1" 200 435
INFO 2025-07-29 07:24:51,848 basehttp 25397 6197014528 "GET /api/trips/ HTTP/1.1" 200 435
ERROR 2025-07-29 07:24:51,941 google_places 25397 6197014528 Google Places API key not configured
ERROR 2025-07-29 07:24:51,941 google_places 25397 6197014528 Google Places API key not configured
ERROR 2025-07-29 07:24:51,941 google_places 25397 6197014528 Google Places API key not configured
INFO 2025-07-29 07:24:51,941 basehttp 25397 6197014528 "GET /api/recommendations/?lat=-1.2921&lng=36.8219 HTTP/1.1" 200 55
WARNING 2025-07-29 07:25:01,720 log 25397 6180188160 Bad Request: /api/trips/19/stops/
WARNING 2025-07-29 07:25:01,721 basehttp 25397 6180188160 "POST /api/trips/19/stops/ HTTP/1.1" 400 37
WARNING 2025-07-29 07:25:03,938 log 25397 6180188160 Bad Request: /api/trips/19/stops/
WARNING 2025-07-29 07:25:03,938 basehttp 25397 6180188160 "POST /api/trips/19/stops/ HTTP/1.1" 400 37
WARNING 2025-07-29 07:25:06,803 log 25397 6180188160 Bad Request: /api/trips/19/stops/
WARNING 2025-07-29 07:25:06,803 basehttp 25397 6180188160 "POST /api/trips/19/stops/ HTTP/1.1" 400 37
INFO 2025-07-29 07:26:55,238 basehttp 25397 6180188160 "GET /api/auth/me/ HTTP/1.1" 200 356
INFO 2025-07-29 07:26:55,241 basehttp 25397 6180188160 "GET /api/auth/me/ HTTP/1.1" 200 356
INFO 2025-07-29 07:26:55,343 basehttp 25397 6180188160 "GET /api/trips/ HTTP/1.1" 200 435
INFO 2025-07-29 07:26:55,348 basehttp 25397 6197014528 "GET /api/trips/ HTTP/1.1" 200 435
ERROR 2025-07-29 07:26:55,421 google_places 25397 6197014528 Google Places API key not configured
ERROR 2025-07-29 07:26:55,421 google_places 25397 6197014528 Google Places API key not configured
ERROR 2025-07-29 07:26:55,421 google_places 25397 6197014528 Google Places API key not configured
INFO 2025-07-29 07:26:55,421 basehttp 25397 6197014528 "GET /api/recommendations/?lat=-1.2921&lng=36.8219 HTTP/1.1" 200 55
WARNING 2025-07-29 07:27:09,499 log 25397 6180188160 Bad Request: /api/trips/19/stops/
WARNING 2025-07-29 07:27:09,499 basehttp 25397 6180188160 "POST /api/trips/19/stops/ HTTP/1.1" 400 37
WARNING 2025-07-29 07:27:35,648 log 25397 6180188160 Bad Request: /api/trips/19/stops/
WARNING 2025-07-29 07:27:35,648 basehttp 25397 6180188160 "POST /api/trips/19/stops/ HTTP/1.1" 400 37
INFO 2025-07-29 07:28:51,053 basehttp 25397 6180188160 "GET /api/auth/me/ HTTP/1.1" 200 356
INFO 2025-07-29 07:28:51,056 basehttp 25397 6180188160 "GET /api/auth/me/ HTTP/1.1" 200 356
INFO 2025-07-29 07:28:51,157 basehttp 25397 6180188160 "GET /api/trips/ HTTP/1.1" 200 435
INFO 2025-07-29 07:28:51,162 basehttp 25397 6197014528 "GET /api/trips/ HTTP/1.1" 200 435
ERROR 2025-07-29 07:28:51,238 google_places 25397 6197014528 Google Places API key not configured
ERROR 2025-07-29 07:28:51,238 google_places 25397 6197014528 Google Places API key not configured
ERROR 2025-07-29 07:28:51,238 google_places 25397 6197014528 Google Places API key not configured
INFO 2025-07-29 07:28:51,239 basehttp 25397 6197014528 "GET /api/recommendations/?lat=-1.2921&lng=36.8219 HTTP/1.1" 200 55
WARNING 2025-07-29 07:28:54,320 log 25397 6180188160 Bad Request: /api/trips/19/stops/
WARNING 2025-07-29 07:28:54,321 basehttp 25397 6180188160 "POST /api/trips/19/stops/ HTTP/1.1" 400 37
WARNING 2025-07-29 07:28:55,957 log 25397 6180188160 Bad Request: /api/trips/19/stops/
WARNING 2025-07-29 07:28:55,958 basehttp 25397 6180188160 "POST /api/trips/19/stops/ HTTP/1.1" 400 37
INFO 2025-07-29 07:32:51,800 basehttp 25397 6180188160 "GET /api/auth/me/ HTTP/1.1" 200 356
INFO 2025-07-29 07:32:51,803 basehttp 25397 6180188160 "GET /api/auth/me/ HTTP/1.1" 200 356
INFO 2025-07-29 07:32:51,920 basehttp 25397 6180188160 "GET /api/trips/ HTTP/1.1" 200 435
INFO 2025-07-29 07:32:51,925 basehttp 25397 6197014528 "GET /api/trips/ HTTP/1.1" 200 435
ERROR 2025-07-29 07:32:52,035 google_places 25397 6197014528 Google Places API key not configured
ERROR 2025-07-29 07:32:52,036 google_places 25397 6197014528 Google Places API key not configured
ERROR 2025-07-29 07:32:52,036 google_places 25397 6197014528 Google Places API key not configured
INFO 2025-07-29 07:32:52,036 basehttp 25397 6197014528 "GET /api/recommendations/?lat=-1.2921&lng=36.8219 HTTP/1.1" 200 55
WARNING 2025-07-29 07:56:03,987 log 25397 6180188160 Unauthorized: /api/auth/me/
WARNING 2025-07-29 07:56:03,988 basehttp 25397 6180188160 "GET /api/auth/me/ HTTP/1.1" 401 172
WARNING 2025-07-29 07:56:03,989 log 25397 6180188160 Unauthorized: /api/auth/me/
WARNING 2025-07-29 07:56:03,990 basehttp 25397 6180188160 "GET /api/auth/me/ HTTP/1.1" 401 172
INFO 2025-07-29 07:56:18,392 basehttp 25397 6180188160 "POST /api/auth/login/ HTTP/1.1" 200 858
INFO 2025-07-29 07:56:18,478 basehttp 25397 6180188160 "GET /api/trips/ HTTP/1.1" 200 435
INFO 2025-07-29 07:56:18,484 basehttp 25397 6180188160 "GET /api/trips/ HTTP/1.1" 200 435
ERROR 2025-07-29 07:56:18,586 google_places 25397 6180188160 Google Places API key not configured
ERROR 2025-07-29 07:56:18,586 google_places 25397 6180188160 Google Places API key not configured
ERROR 2025-07-29 07:56:18,586 google_places 25397 6180188160 Google Places API key not configured
INFO 2025-07-29 07:56:18,587 basehttp 25397 6180188160 "GET /api/recommendations/?lat=-1.2921&lng=36.8219 HTTP/1.1" 200 55
WARNING 2025-07-29 07:56:32,630 log 25397 6180188160 Bad Request: /api/trips/19/stops/
WARNING 2025-07-29 07:56:32,630 basehttp 25397 6180188160 "POST /api/trips/19/stops/ HTTP/1.1" 400 37
WARNING 2025-07-29 07:56:35,402 log 25397 6180188160 Bad Request: /api/trips/19/stops/
WARNING 2025-07-29 07:56:35,402 basehttp 25397 6180188160 "POST /api/trips/19/stops/ HTTP/1.1" 400 37
WARNING 2025-07-29 07:56:40,519 log 25397 6180188160 Bad Request: /api/trips/19/stops/
WARNING 2025-07-29 07:56:40,520 basehttp 25397 6180188160 "POST /api/trips/19/stops/ HTTP/1.1" 400 37
INFO 2025-07-29 08:01:01,305 basehttp 25397 6180188160 "GET /api/auth/me/ HTTP/1.1" 200 356
INFO 2025-07-29 08:01:01,308 basehttp 25397 6180188160 "GET /api/auth/me/ HTTP/1.1" 200 356
INFO 2025-07-29 08:01:01,413 basehttp 25397 6180188160 "GET /api/trips/ HTTP/1.1" 200 435
INFO 2025-07-29 08:01:01,423 basehttp 25397 6197014528 "GET /api/trips/ HTTP/1.1" 200 435
ERROR 2025-07-29 08:01:01,528 google_places 25397 6197014528 Google Places API key not configured
ERROR 2025-07-29 08:01:01,528 google_places 25397 6197014528 Google Places API key not configured
ERROR 2025-07-29 08:01:01,528 google_places 25397 6197014528 Google Places API key not configured
INFO 2025-07-29 08:01:01,528 basehttp 25397 6197014528 "GET /api/recommendations/?lat=-1.2921&lng=36.8219 HTTP/1.1" 200 55
WARNING 2025-07-29 08:01:06,415 log 25397 6180188160 Bad Request: /api/trips/19/stops/
WARNING 2025-07-29 08:01:06,415 basehttp 25397 6180188160 "POST /api/trips/19/stops/ HTTP/1.1" 400 37
WARNING 2025-07-29 08:01:08,708 log 25397 6180188160 Bad Request: /api/trips/19/stops/
WARNING 2025-07-29 08:01:08,708 basehttp 25397 6180188160 "POST /api/trips/19/stops/ HTTP/1.1" 400 37
INFO 2025-07-29 08:02:27,978 basehttp 25397 6180188160 "GET /api/auth/me/ HTTP/1.1" 200 356
INFO 2025-07-29 08:02:27,984 basehttp 25397 6180188160 "GET /api/auth/me/ HTTP/1.1" 200 356
INFO 2025-07-29 08:02:28,077 basehttp 25397 6180188160 "GET /api/trips/ HTTP/1.1" 200 435
INFO 2025-07-29 08:02:28,082 basehttp 25397 6197014528 "GET /api/trips/ HTTP/1.1" 200 435
ERROR 2025-07-29 08:02:28,190 google_places 25397 6197014528 Google Places API key not configured
ERROR 2025-07-29 08:02:28,190 google_places 25397 6197014528 Google Places API key not configured
ERROR 2025-07-29 08:02:28,190 google_places 25397 6197014528 Google Places API key not configured
INFO 2025-07-29 08:02:28,190 basehttp 25397 6197014528 "GET /api/recommendations/?lat=-1.2921&lng=36.8219 HTTP/1.1" 200 55
WARNING 2025-07-29 08:02:55,338 log 25397 6180188160 Bad Request: /api/trips/19/stops/
WARNING 2025-07-29 08:02:55,338 basehttp 25397 6180188160 "POST /api/trips/19/stops/ HTTP/1.1" 400 37
WARNING 2025-07-29 08:02:58,077 log 25397 6180188160 Bad Request: /api/trips/19/stops/
WARNING 2025-07-29 08:02:58,077 basehttp 25397 6180188160 "POST /api/trips/19/stops/ HTTP/1.1" 400 37
INFO 2025-07-29 08:04:38,961 basehttp 25397 6180188160 "GET /api/auth/me/ HTTP/1.1" 200 356
INFO 2025-07-29 08:04:38,965 basehttp 25397 6180188160 "GET /api/auth/me/ HTTP/1.1" 200 356
INFO 2025-07-29 08:04:39,030 basehttp 25397 6180188160 "GET /api/trips/ HTTP/1.1" 200 435
INFO 2025-07-29 08:04:39,039 basehttp 25397 6180188160 "GET /api/trips/ HTTP/1.1" 200 435
ERROR 2025-07-29 08:04:39,140 google_places 25397 6180188160 Google Places API key not configured
ERROR 2025-07-29 08:04:39,140 google_places 25397 6180188160 Google Places API key not configured
ERROR 2025-07-29 08:04:39,140 google_places 25397 6180188160 Google Places API key not configured
INFO 2025-07-29 08:04:39,141 basehttp 25397 6180188160 "GET /api/recommendations/?lat=-1.2921&lng=36.8219 HTTP/1.1" 200 55
WARNING 2025-07-29 08:05:02,689 log 25397 6180188160 Bad Request: /api/trips/19/stops/
WARNING 2025-07-29 08:05:02,689 basehttp 25397 6180188160 "POST /api/trips/19/stops/ HTTP/1.1" 400 37
WARNING 2025-07-29 08:05:04,552 log 25397 6180188160 Bad Request: /api/trips/19/stops/
WARNING 2025-07-29 08:05:04,552 basehttp 25397 6180188160 "POST /api/trips/19/stops/ HTTP/1.1" 400 37
WARNING 2025-07-29 08:05:06,085 log 25397 6180188160 Bad Request: /api/trips/19/stops/
WARNING 2025-07-29 08:05:06,086 basehttp 25397 6180188160 "POST /api/trips/19/stops/ HTTP/1.1" 400 37
INFO 2025-07-29 08:06:26,052 basehttp 25397 6180188160 "GET /api/auth/me/ HTTP/1.1" 200 356
INFO 2025-07-29 08:06:26,061 basehttp 25397 6180188160 "GET /api/auth/me/ HTTP/1.1" 200 356
INFO 2025-07-29 08:06:26,143 basehttp 25397 6180188160 "GET /api/trips/ HTTP/1.1" 200 435
INFO 2025-07-29 08:06:26,158 basehttp 25397 6197014528 "GET /api/trips/ HTTP/1.1" 200 435
ERROR 2025-07-29 08:06:26,244 google_places 25397 6197014528 Google Places API key not configured
ERROR 2025-07-29 08:06:26,244 google_places 25397 6197014528 Google Places API key not configured
ERROR 2025-07-29 08:06:26,244 google_places 25397 6197014528 Google Places API key not configured
INFO 2025-07-29 08:06:26,244 basehttp 25397 6197014528 "GET /api/recommendations/?lat=-1.2921&lng=36.8219 HTTP/1.1" 200 55
WARNING 2025-07-29 08:06:29,093 log 25397 6180188160 Bad Request: /api/trips/19/stops/
WARNING 2025-07-29 08:06:29,094 basehttp 25397 6180188160 "POST /api/trips/19/stops/ HTTP/1.1" 400 37
WARNING 2025-07-29 08:06:30,614 log 25397 6180188160 Bad Request: /api/trips/19/stops/
WARNING 2025-07-29 08:06:30,614 basehttp 25397 6180188160 "POST /api/trips/19/stops/ HTTP/1.1" 400 37
WARNING 2025-07-29 08:06:32,733 log 25397 6180188160 Bad Request: /api/trips/19/stops/
WARNING 2025-07-29 08:06:32,734 basehttp 25397 6180188160 "POST /api/trips/19/stops/ HTTP/1.1" 400 37
INFO 2025-07-29 08:08:11,925 basehttp 25397 6180188160 "GET /api/auth/me/ HTTP/1.1" 200 356
INFO 2025-07-29 08:08:11,929 basehttp 25397 6180188160 "GET /api/auth/me/ HTTP/1.1" 200 356
INFO 2025-07-29 08:08:12,039 basehttp 25397 6180188160 "GET /api/trips/ HTTP/1.1" 200 435
INFO 2025-07-29 08:08:12,046 basehttp 25397 6197014528 "GET /api/trips/ HTTP/1.1" 200 435
ERROR 2025-07-29 08:08:12,131 google_places 25397 6197014528 Google Places API key not configured
ERROR 2025-07-29 08:08:12,131 google_places 25397 6197014528 Google Places API key not configured
ERROR 2025-07-29 08:08:12,131 google_places 25397 6197014528 Google Places API key not configured
INFO 2025-07-29 08:08:12,131 basehttp 25397 6197014528 "GET /api/recommendations/?lat=-1.2921&lng=36.8219 HTTP/1.1" 200 55
INFO 2025-07-29 08:08:41,917 basehttp 25397 6180188160 "GET /api/auth/me/ HTTP/1.1" 200 356
INFO 2025-07-29 08:08:41,920 basehttp 25397 6180188160 "GET /api/auth/me/ HTTP/1.1" 200 356
INFO 2025-07-29 08:08:42,049 basehttp 25397 6180188160 "GET /api/trips/ HTTP/1.1" 200 435
INFO 2025-07-29 08:08:42,054 basehttp 25397 6197014528 "GET /api/trips/ HTTP/1.1" 200 435
ERROR 2025-07-29 08:08:42,148 google_places 25397 6197014528 Google Places API key not configured
ERROR 2025-07-29 08:08:42,148 google_places 25397 6197014528 Google Places API key not configured
ERROR 2025-07-29 08:08:42,148 google_places 25397 6197014528 Google Places API key not configured
INFO 2025-07-29 08:08:42,148 basehttp 25397 6197014528 "GET /api/recommendations/?lat=-1.2921&lng=36.8219 HTTP/1.1" 200 55
WARNING 2025-07-29 08:08:44,181 log 25397 6180188160 Bad Request: /api/trips/19/stops/
WARNING 2025-07-29 08:08:44,182 basehttp 25397 6180188160 "POST /api/trips/19/stops/ HTTP/1.1" 400 37
WARNING 2025-07-29 08:08:46,201 log 25397 6180188160 Bad Request: /api/trips/19/stops/
WARNING 2025-07-29 08:08:46,201 basehttp 25397 6180188160 "POST /api/trips/19/stops/ HTTP/1.1" 400 37
WARNING 2025-07-29 08:08:51,828 log 25397 6180188160 Bad Request: /api/trips/19/stops/
WARNING 2025-07-29 08:08:51,829 basehttp 25397 6180188160 "POST /api/trips/19/stops/ HTTP/1.1" 400 37
INFO 2025-07-29 08:10:40,234 basehttp 25397 6180188160 "GET /api/auth/me/ HTTP/1.1" 200 356
INFO 2025-07-29 08:10:40,238 basehttp 25397 6180188160 "GET /api/auth/me/ HTTP/1.1" 200 356
INFO 2025-07-29 08:10:40,353 basehttp 25397 6180188160 "GET /api/trips/ HTTP/1.1" 200 435
INFO 2025-07-29 08:10:40,359 basehttp 25397 6197014528 "GET /api/trips/ HTTP/1.1" 200 435
ERROR 2025-07-29 08:10:40,445 google_places 25397 6197014528 Google Places API key not configured
ERROR 2025-07-29 08:10:40,445 google_places 25397 6197014528 Google Places API key not configured
ERROR 2025-07-29 08:10:40,445 google_places 25397 6197014528 Google Places API key not configured
INFO 2025-07-29 08:10:40,445 basehttp 25397 6197014528 "GET /api/recommendations/?lat=-1.2921&lng=36.8219 HTTP/1.1" 200 55
WARNING 2025-07-29 08:10:50,839 log 25397 6180188160 Bad Request: /api/trips/19/stops/
WARNING 2025-07-29 08:10:50,839 basehttp 25397 6180188160 "POST /api/trips/19/stops/ HTTP/1.1" 400 37
WARNING 2025-07-29 08:10:52,697 log 25397 6180188160 Bad Request: /api/trips/19/stops/
WARNING 2025-07-29 08:10:52,697 basehttp 25397 6180188160 "POST /api/trips/19/stops/ HTTP/1.1" 400 37
INFO 2025-07-29 08:13:11,242 basehttp 25397 6180188160 "GET /api/auth/me/ HTTP/1.1" 200 356
INFO 2025-07-29 08:13:11,245 basehttp 25397 6180188160 "GET /api/auth/me/ HTTP/1.1" 200 356
INFO 2025-07-29 08:13:11,356 basehttp 25397 6180188160 "GET /api/trips/ HTTP/1.1" 200 435
INFO 2025-07-29 08:13:11,367 basehttp 25397 6197014528 "GET /api/trips/ HTTP/1.1" 200 435
ERROR 2025-07-29 08:13:11,458 google_places 25397 6197014528 Google Places API key not configured
ERROR 2025-07-29 08:13:11,459 google_places 25397 6197014528 Google Places API key not configured
ERROR 2025-07-29 08:13:11,459 google_places 25397 6197014528 Google Places API key not configured
INFO 2025-07-29 08:13:11,459 basehttp 25397 6197014528 "GET /api/recommendations/?lat=-1.2921&lng=36.8219 HTTP/1.1" 200 55
WARNING 2025-07-29 08:13:15,441 log 25397 6180188160 Bad Request: /api/trips/19/stops/
WARNING 2025-07-29 08:13:15,441 basehttp 25397 6180188160 "POST /api/trips/19/stops/ HTTP/1.1" 400 37
WARNING 2025-07-29 08:13:20,018 log 25397 6180188160 Bad Request: /api/trips/19/stops/
WARNING 2025-07-29 08:13:20,019 basehttp 25397 6180188160 "POST /api/trips/19/stops/ HTTP/1.1" 400 37
WARNING 2025-07-29 08:13:25,268 log 25397 6180188160 Bad Request: /api/trips/19/stops/
WARNING 2025-07-29 08:13:25,269 basehttp 25397 6180188160 "POST /api/trips/19/stops/ HTTP/1.1" 400 37
WARNING 2025-07-29 08:13:26,949 log 25397 6180188160 Bad Request: /api/trips/19/stops/
WARNING 2025-07-29 08:13:26,949 basehttp 25397 6180188160 "POST /api/trips/19/stops/ HTTP/1.1" 400 37
INFO 2025-07-29 08:15:50,665 basehttp 25397 6180188160 "GET /api/auth/me/ HTTP/1.1" 200 356
INFO 2025-07-29 08:15:50,668 basehttp 25397 6180188160 "GET /api/auth/me/ HTTP/1.1" 200 356
INFO 2025-07-29 08:15:50,771 basehttp 25397 6180188160 "GET /api/trips/ HTTP/1.1" 200 435
INFO 2025-07-29 08:15:50,775 basehttp 25397 6197014528 "GET /api/trips/ HTTP/1.1" 200 435
ERROR 2025-07-29 08:15:50,845 google_places 25397 6197014528 Google Places API key not configured
ERROR 2025-07-29 08:15:50,846 google_places 25397 6197014528 Google Places API key not configured
ERROR 2025-07-29 08:15:50,846 google_places 25397 6197014528 Google Places API key not configured
INFO 2025-07-29 08:15:50,846 basehttp 25397 6197014528 "GET /api/recommendations/?lat=-1.2921&lng=36.8219 HTTP/1.1" 200 55
INFO 2025-07-29 08:17:13,212 basehttp 25397 6180188160 "GET /api/auth/me/ HTTP/1.1" 200 356
INFO 2025-07-29 08:17:13,220 basehttp 25397 6180188160 "GET /api/auth/me/ HTTP/1.1" 200 356
INFO 2025-07-29 08:17:13,366 basehttp 25397 6180188160 "GET /api/trips/ HTTP/1.1" 200 435
INFO 2025-07-29 08:17:13,373 basehttp 25397 6197014528 "GET /api/trips/ HTTP/1.1" 200 435
ERROR 2025-07-29 08:17:13,439 google_places 25397 6197014528 Google Places API key not configured
ERROR 2025-07-29 08:17:13,439 google_places 25397 6197014528 Google Places API key not configured
ERROR 2025-07-29 08:17:13,439 google_places 25397 6197014528 Google Places API key not configured
INFO 2025-07-29 08:17:13,439 basehttp 25397 6197014528 "GET /api/recommendations/?lat=-1.2921&lng=36.8219 HTTP/1.1" 200 55
WARNING 2025-07-29 08:17:54,361 log 25397 6180188160 Unauthorized: /api/trips/
WARNING 2025-07-29 08:17:54,361 basehttp 25397 6180188160 "GET /api/trips/ HTTP/1.1" 401 172
INFO 2025-07-29 08:17:58,013 basehttp 25397 6180188160 "POST /api/auth/login/ HTTP/1.1" 200 858
INFO 2025-07-29 08:18:01,576 basehttp 25397 6180188160 "GET /api/trips/ HTTP/1.1" 200 435
INFO 2025-07-29 08:23:27,955 basehttp 25397 6197014528 "GET /api/auth/me/ HTTP/1.1" 200 356
INFO 2025-07-29 08:23:27,957 basehttp 25397 6197014528 "GET /api/auth/me/ HTTP/1.1" 200 356
INFO 2025-07-29 08:23:28,092 basehttp 25397 6197014528 "GET /api/trips/ HTTP/1.1" 200 435
INFO 2025-07-29 08:23:28,097 basehttp 25397 6213840896 "GET /api/trips/ HTTP/1.1" 200 435
ERROR 2025-07-29 08:23:28,175 google_places 25397 6213840896 Google Places API key not configured
ERROR 2025-07-29 08:23:28,175 google_places 25397 6213840896 Google Places API key not configured
ERROR 2025-07-29 08:23:28,176 google_places 25397 6213840896 Google Places API key not configured
INFO 2025-07-29 08:23:28,176 basehttp 25397 6213840896 "GET /api/recommendations/?lat=-1.2921&lng=36.8219 HTTP/1.1" 200 55
INFO 2025-07-29 08:25:54,895 basehttp 25397 6197014528 "GET /api/auth/me/ HTTP/1.1" 200 356
INFO 2025-07-29 08:25:54,898 basehttp 25397 6197014528 "GET /api/auth/me/ HTTP/1.1" 200 356
INFO 2025-07-29 08:25:54,997 basehttp 25397 6197014528 "GET /api/trips/ HTTP/1.1" 200 435
INFO 2025-07-29 08:25:55,002 basehttp 25397 6213840896 "GET /api/trips/ HTTP/1.1" 200 435
ERROR 2025-07-29 08:25:55,071 google_places 25397 6213840896 Google Places API key not configured
ERROR 2025-07-29 08:25:55,071 google_places 25397 6213840896 Google Places API key not configured
ERROR 2025-07-29 08:25:55,071 google_places 25397 6213840896 Google Places API key not configured
INFO 2025-07-29 08:25:55,071 basehttp 25397 6213840896 "GET /api/recommendations/?lat=-1.2921&lng=36.8219 HTTP/1.1" 200 55
INFO 2025-07-29 08:34:35,524 basehttp 25397 6197014528 "GET /api/auth/me/ HTTP/1.1" 200 356
INFO 2025-07-29 08:34:35,527 basehttp 25397 6197014528 "GET /api/auth/me/ HTTP/1.1" 200 356
INFO 2025-07-29 08:34:35,634 basehttp 25397 6197014528 "GET /api/trips/ HTTP/1.1" 200 435
INFO 2025-07-29 08:34:35,639 basehttp 25397 6213840896 "GET /api/trips/ HTTP/1.1" 200 435
ERROR 2025-07-29 08:34:35,725 google_places 25397 6213840896 Google Places API key not configured
ERROR 2025-07-29 08:34:35,725 google_places 25397 6213840896 Google Places API key not configured
ERROR 2025-07-29 08:34:35,725 google_places 25397 6213840896 Google Places API key not configured
INFO 2025-07-29 08:34:35,725 basehttp 25397 6213840896 "GET /api/recommendations/?lat=-1.2921&lng=36.8219 HTTP/1.1" 200 55
WARNING 2025-07-29 08:34:45,294 log 25397 6197014528 Bad Request: /api/trips/19/stops/
WARNING 2025-07-29 08:34:45,295 basehttp 25397 6197014528 "POST /api/trips/19/stops/ HTTP/1.1" 400 37
WARNING 2025-07-29 08:34:46,871 log 25397 6197014528 Bad Request: /api/trips/19/stops/
WARNING 2025-07-29 08:34:46,872 basehttp 25397 6197014528 "POST /api/trips/19/stops/ HTTP/1.1" 400 37
WARNING 2025-07-29 08:34:48,980 log 25397 6197014528 Bad Request: /api/trips/19/stops/
WARNING 2025-07-29 08:34:48,980 basehttp 25397 6197014528 "POST /api/trips/19/stops/ HTTP/1.1" 400 37
INFO 2025-07-29 08:35:20,353 basehttp 25397 6197014528 "POST /api/trips/ HTTP/1.1" 201 31340
INFO 2025-07-29 08:35:23,525 basehttp 25397 6197014528 "GET /api/auth/me/ HTTP/1.1" 200 356
INFO 2025-07-29 08:35:23,527 basehttp 25397 6197014528 "GET /api/auth/me/ HTTP/1.1" 200 356
INFO 2025-07-29 08:35:23,637 basehttp 25397 6197014528 "GET /api/trips/ HTTP/1.1" 200 786
INFO 2025-07-29 08:35:23,642 basehttp 25397 6213840896 "GET /api/trips/ HTTP/1.1" 200 786
ERROR 2025-07-29 08:35:23,705 google_places 25397 6213840896 Google Places API key not configured
ERROR 2025-07-29 08:35:23,705 google_places 25397 6213840896 Google Places API key not configured
ERROR 2025-07-29 08:35:23,705 google_places 25397 6213840896 Google Places API key not configured
INFO 2025-07-29 08:35:23,705 basehttp 25397 6213840896 "GET /api/recommendations/?lat=-1.2921&lng=36.8219 HTTP/1.1" 200 55
ERROR 2025-07-29 08:35:25,604 google_places 25397 6213840896 Google Places API key not configured
ERROR 2025-07-29 08:35:25,604 google_places 25397 6213840896 Google Places API key not configured
ERROR 2025-07-29 08:35:25,604 google_places 25397 6213840896 Google Places API key not configured
INFO 2025-07-29 08:35:25,605 basehttp 25397 6213840896 "GET /api/recommendations/?lat=-1.2921&lng=36.8219 HTTP/1.1" 200 55
ERROR 2025-07-29 08:35:26,574 google_places 25397 6197014528 Google Places API key not configured
ERROR 2025-07-29 08:35:26,574 google_places 25397 6197014528 Google Places API key not configured
ERROR 2025-07-29 08:35:26,574 google_places 25397 6197014528 Google Places API key not configured
INFO 2025-07-29 08:35:26,574 basehttp 25397 6197014528 "GET /api/recommendations/?lat=-1.2921&lng=36.8219 HTTP/1.1" 200 55
ERROR 2025-07-29 08:35:27,272 google_places 25397 6197014528 Google Places API key not configured
ERROR 2025-07-29 08:35:27,272 google_places 25397 6197014528 Google Places API key not configured
ERROR 2025-07-29 08:35:27,272 google_places 25397 6197014528 Google Places API key not configured
INFO 2025-07-29 08:35:27,272 basehttp 25397 6197014528 "GET /api/recommendations/?lat=-1.2921&lng=36.8219 HTTP/1.1" 200 55
WARNING 2025-07-29 08:39:16,597 log 25397 6197014528 Bad Request: /api/trips/19/stops/
WARNING 2025-07-29 08:39:16,597 basehttp 25397 6197014528 "POST /api/trips/19/stops/ HTTP/1.1" 400 37
WARNING 2025-07-29 08:39:18,988 log 25397 6197014528 Bad Request: /api/trips/19/stops/
WARNING 2025-07-29 08:39:18,988 basehttp 25397 6197014528 "POST /api/trips/19/stops/ HTTP/1.1" 400 37
WARNING 2025-07-29 08:39:21,698 log 25397 6197014528 Bad Request: /api/trips/19/stops/
WARNING 2025-07-29 08:39:21,698 basehttp 25397 6197014528 "POST /api/trips/19/stops/ HTTP/1.1" 400 37
INFO 2025-07-29 08:39:44,436 basehttp 25397 6197014528 "POST /api/trips/ HTTP/1.1" 201 31819
INFO 2025-07-29 08:39:48,092 basehttp 25397 6197014528 "GET /api/auth/me/ HTTP/1.1" 200 356
INFO 2025-07-29 08:39:48,095 basehttp 25397 6213840896 "GET /api/auth/me/ HTTP/1.1" 200 356
INFO 2025-07-29 08:39:48,201 basehttp 25397 6213840896 "GET /api/trips/ HTTP/1.1" 200 1129
INFO 2025-07-29 08:39:48,209 basehttp 25397 6197014528 "GET /api/trips/ HTTP/1.1" 200 1129
ERROR 2025-07-29 08:39:48,278 google_places 25397 6197014528 Google Places API key not configured
ERROR 2025-07-29 08:39:48,278 google_places 25397 6197014528 Google Places API key not configured
ERROR 2025-07-29 08:39:48,278 google_places 25397 6197014528 Google Places API key not configured
INFO 2025-07-29 08:39:48,279 basehttp 25397 6197014528 "GET /api/recommendations/?lat=-1.2921&lng=36.8219 HTTP/1.1" 200 55
INFO 2025-07-29 08:40:07,200 basehttp 25397 6197014528 "GET /api/auth/me/ HTTP/1.1" 200 356
INFO 2025-07-29 08:40:07,213 basehttp 25397 6197014528 "GET /api/auth/me/ HTTP/1.1" 200 356
INFO 2025-07-29 08:40:07,274 basehttp 25397 6197014528 "GET /api/trips/ HTTP/1.1" 200 1129
INFO 2025-07-29 08:40:07,282 basehttp 25397 6213840896 "GET /api/trips/ HTTP/1.1" 200 1129
ERROR 2025-07-29 08:40:07,356 google_places 25397 6213840896 Google Places API key not configured
ERROR 2025-07-29 08:40:07,356 google_places 25397 6213840896 Google Places API key not configured
ERROR 2025-07-29 08:40:07,356 google_places 25397 6213840896 Google Places API key not configured
INFO 2025-07-29 08:40:07,357 basehttp 25397 6213840896 "GET /api/recommendations/?lat=-1.2921&lng=36.8219 HTTP/1.1" 200 55
ERROR 2025-07-29 08:40:18,901 google_places 25397 6197014528 Google Places API key not configured
ERROR 2025-07-29 08:40:18,901 google_places 25397 6197014528 Google Places API key not configured
ERROR 2025-07-29 08:40:18,901 google_places 25397 6197014528 Google Places API key not configured
INFO 2025-07-29 08:40:18,901 basehttp 25397 6197014528 "GET /api/recommendations/?lat=-1.2921&lng=36.8219 HTTP/1.1" 200 55
ERROR 2025-07-29 08:40:20,416 google_places 25397 6197014528 Google Places API key not configured
ERROR 2025-07-29 08:40:20,416 google_places 25397 6197014528 Google Places API key not configured
ERROR 2025-07-29 08:40:20,416 google_places 25397 6197014528 Google Places API key not configured
INFO 2025-07-29 08:40:20,416 basehttp 25397 6197014528 "GET /api/recommendations/?lat=-1.2921&lng=36.8219 HTTP/1.1" 200 55
ERROR 2025-07-29 08:40:22,649 google_places 25397 6197014528 Google Places API key not configured
ERROR 2025-07-29 08:40:22,649 google_places 25397 6197014528 Google Places API key not configured
ERROR 2025-07-29 08:40:22,649 google_places 25397 6197014528 Google Places API key not configured
INFO 2025-07-29 08:40:22,649 basehttp 25397 6197014528 "GET /api/recommendations/?lat=-1.2921&lng=36.8219 HTTP/1.1" 200 55
ERROR 2025-07-29 08:40:31,003 google_places 25397 6197014528 Google Places API key not configured
ERROR 2025-07-29 08:40:31,003 google_places 25397 6197014528 Google Places API key not configured
ERROR 2025-07-29 08:40:31,003 google_places 25397 6197014528 Google Places API key not configured
INFO 2025-07-29 08:40:31,003 basehttp 25397 6197014528 "GET /api/recommendations/?lat=-1.2921&lng=36.8219 HTTP/1.1" 200 55
ERROR 2025-07-29 08:40:31,785 google_places 25397 6197014528 Google Places API key not configured
ERROR 2025-07-29 08:40:31,785 google_places 25397 6197014528 Google Places API key not configured
ERROR 2025-07-29 08:40:31,785 google_places 25397 6197014528 Google Places API key not configured
INFO 2025-07-29 08:40:31,785 basehttp 25397 6197014528 "GET /api/recommendations/?lat=-1.2921&lng=36.8219 HTTP/1.1" 200 55
ERROR 2025-07-29 08:40:32,868 google_places 25397 6197014528 Google Places API key not configured
ERROR 2025-07-29 08:40:32,868 google_places 25397 6197014528 Google Places API key not configured
ERROR 2025-07-29 08:40:32,868 google_places 25397 6197014528 Google Places API key not configured
INFO 2025-07-29 08:40:32,868 basehttp 25397 6197014528 "GET /api/recommendations/?lat=-1.2921&lng=36.8219 HTTP/1.1" 200 55
ERROR 2025-07-29 08:40:34,452 google_places 25397 6197014528 Google Places API key not configured
ERROR 2025-07-29 08:40:34,452 google_places 25397 6197014528 Google Places API key not configured
ERROR 2025-07-29 08:40:34,452 google_places 25397 6197014528 Google Places API key not configured
INFO 2025-07-29 08:40:34,453 basehttp 25397 6197014528 "GET /api/recommendations/?lat=-1.2921&lng=36.8219 HTTP/1.1" 200 55
ERROR 2025-07-29 08:40:35,332 google_places 25397 6197014528 Google Places API key not configured
ERROR 2025-07-29 08:40:35,332 google_places 25397 6197014528 Google Places API key not configured
ERROR 2025-07-29 08:40:35,332 google_places 25397 6197014528 Google Places API key not configured
INFO 2025-07-29 08:40:35,333 basehttp 25397 6197014528 "GET /api/recommendations/?lat=-1.2921&lng=36.8219 HTTP/1.1" 200 55
ERROR 2025-07-29 08:40:36,698 google_places 25397 6197014528 Google Places API key not configured
ERROR 2025-07-29 08:40:36,698 google_places 25397 6197014528 Google Places API key not configured
ERROR 2025-07-29 08:40:36,699 google_places 25397 6197014528 Google Places API key not configured
INFO 2025-07-29 08:40:36,699 basehttp 25397 6197014528 "GET /api/recommendations/?lat=-1.2921&lng=36.8219 HTTP/1.1" 200 55
ERROR 2025-07-29 08:40:37,649 google_places 25397 6197014528 Google Places API key not configured
ERROR 2025-07-29 08:40:37,649 google_places 25397 6197014528 Google Places API key not configured
ERROR 2025-07-29 08:40:37,649 google_places 25397 6197014528 Google Places API key not configured
INFO 2025-07-29 08:40:37,649 basehttp 25397 6197014528 "GET /api/recommendations/?lat=-1.2921&lng=36.8219 HTTP/1.1" 200 55
INFO 2025-07-29 08:45:09,501 basehttp 25397 6197014528 "GET /api/auth/me/ HTTP/1.1" 200 356
INFO 2025-07-29 08:45:09,505 basehttp 25397 6197014528 "GET /api/auth/me/ HTTP/1.1" 200 356
INFO 2025-07-29 08:45:09,617 basehttp 25397 6197014528 "GET /api/trips/ HTTP/1.1" 200 1129
INFO 2025-07-29 08:45:09,627 basehttp 25397 6213840896 "GET /api/trips/ HTTP/1.1" 200 1129
ERROR 2025-07-29 08:45:09,715 google_places 25397 6213840896 Google Places API key not configured
ERROR 2025-07-29 08:45:09,715 google_places 25397 6213840896 Google Places API key not configured
ERROR 2025-07-29 08:45:09,715 google_places 25397 6213840896 Google Places API key not configured
INFO 2025-07-29 08:45:09,715 basehttp 25397 6213840896 "GET /api/recommendations/?lat=-1.2921&lng=36.8219 HTTP/1.1" 200 55
ERROR 2025-07-29 08:48:27,259 google_places 25397 6197014528 Google Places API key not configured
ERROR 2025-07-29 08:48:27,259 google_places 25397 6197014528 Google Places API key not configured
ERROR 2025-07-29 08:48:27,259 google_places 25397 6197014528 Google Places API key not configured
INFO 2025-07-29 08:48:27,260 basehttp 25397 6197014528 "GET /api/recommendations/?lat=-1.2921&lng=36.8219 HTTP/1.1" 200 55
ERROR 2025-07-29 08:48:28,370 google_places 25397 6197014528 Google Places API key not configured
ERROR 2025-07-29 08:48:28,370 google_places 25397 6197014528 Google Places API key not configured
ERROR 2025-07-29 08:48:28,370 google_places 25397 6197014528 Google Places API key not configured
INFO 2025-07-29 08:48:28,371 basehttp 25397 6197014528 "GET /api/recommendations/?lat=-1.2921&lng=36.8219 HTTP/1.1" 200 55
ERROR 2025-07-29 08:48:29,623 google_places 25397 6197014528 Google Places API key not configured
ERROR 2025-07-29 08:48:29,623 google_places 25397 6197014528 Google Places API key not configured
ERROR 2025-07-29 08:48:29,623 google_places 25397 6197014528 Google Places API key not configured
INFO 2025-07-29 08:48:29,624 basehttp 25397 6197014528 "GET /api/recommendations/?lat=-1.2921&lng=36.8219 HTTP/1.1" 200 55
ERROR 2025-07-29 08:48:30,538 google_places 25397 6197014528 Google Places API key not configured
ERROR 2025-07-29 08:48:30,538 google_places 25397 6197014528 Google Places API key not configured
ERROR 2025-07-29 08:48:30,538 google_places 25397 6197014528 Google Places API key not configured
INFO 2025-07-29 08:48:30,538 basehttp 25397 6197014528 "GET /api/recommendations/?lat=-1.2921&lng=36.8219 HTTP/1.1" 200 55
ERROR 2025-07-29 08:48:31,419 google_places 25397 6197014528 Google Places API key not configured
ERROR 2025-07-29 08:48:31,420 google_places 25397 6197014528 Google Places API key not configured
ERROR 2025-07-29 08:48:31,420 google_places 25397 6197014528 Google Places API key not configured
INFO 2025-07-29 08:48:31,420 basehttp 25397 6197014528 "GET /api/recommendations/?lat=-1.2921&lng=36.8219 HTTP/1.1" 200 55
ERROR 2025-07-29 08:48:33,039 google_places 25397 6197014528 Google Places API key not configured
ERROR 2025-07-29 08:48:33,039 google_places 25397 6197014528 Google Places API key not configured
ERROR 2025-07-29 08:48:33,039 google_places 25397 6197014528 Google Places API key not configured
INFO 2025-07-29 08:48:33,039 basehttp 25397 6197014528 "GET /api/recommendations/?lat=-1.2921&lng=36.8219 HTTP/1.1" 200 55
ERROR 2025-07-29 08:48:34,170 google_places 25397 6197014528 Google Places API key not configured
ERROR 2025-07-29 08:48:34,171 google_places 25397 6197014528 Google Places API key not configured
ERROR 2025-07-29 08:48:34,171 google_places 25397 6197014528 Google Places API key not configured
INFO 2025-07-29 08:48:34,171 basehttp 25397 6197014528 "GET /api/recommendations/?lat=-1.2921&lng=36.8219 HTTP/1.1" 200 55
INFO 2025-07-29 08:48:54,616 basehttp 25397 6197014528 "OPTIONS /api/trips/20/stops/ HTTP/1.1" 200 0
WARNING 2025-07-29 08:48:54,623 log 25397 6197014528 Bad Request: /api/trips/20/stops/
WARNING 2025-07-29 08:48:54,623 basehttp 25397 6197014528 "POST /api/trips/20/stops/ HTTP/1.1" 400 37
WARNING 2025-07-29 08:49:10,290 log 25397 6197014528 Bad Request: /api/trips/20/stops/
WARNING 2025-07-29 08:49:10,290 basehttp 25397 6197014528 "POST /api/trips/20/stops/ HTTP/1.1" 400 37
WARNING 2025-07-29 08:49:35,154 log 25397 6197014528 Bad Request: /api/trips/20/stops/
WARNING 2025-07-29 08:49:35,154 basehttp 25397 6197014528 "POST /api/trips/20/stops/ HTTP/1.1" 400 37
INFO 2025-07-29 08:49:53,896 basehttp 25397 6197014528 "GET /api/auth/me/ HTTP/1.1" 200 356
INFO 2025-07-29 08:49:53,899 basehttp 25397 6197014528 "GET /api/auth/me/ HTTP/1.1" 200 356
INFO 2025-07-29 08:49:54,009 basehttp 25397 6197014528 "GET /api/trips/ HTTP/1.1" 200 1129
INFO 2025-07-29 08:49:54,017 basehttp 25397 6213840896 "GET /api/trips/ HTTP/1.1" 200 1129
ERROR 2025-07-29 08:49:54,092 google_places 25397 6213840896 Google Places API key not configured
ERROR 2025-07-29 08:49:54,093 google_places 25397 6213840896 Google Places API key not configured
ERROR 2025-07-29 08:49:54,093 google_places 25397 6213840896 Google Places API key not configured
INFO 2025-07-29 08:49:54,093 basehttp 25397 6213840896 "GET /api/recommendations/?lat=-1.2921&lng=36.8219 HTTP/1.1" 200 55
ERROR 2025-07-29 08:50:20,698 google_places 25397 6197014528 Google Places API key not configured
ERROR 2025-07-29 08:50:20,699 google_places 25397 6197014528 Google Places API key not configured
ERROR 2025-07-29 08:50:20,699 google_places 25397 6197014528 Google Places API key not configured
INFO 2025-07-29 08:50:20,699 basehttp 25397 6197014528 "GET /api/recommendations/?lat=-1.2921&lng=36.8219 HTTP/1.1" 200 55
ERROR 2025-07-29 08:52:36,835 google_places 25397 6197014528 Google Places API key not configured
ERROR 2025-07-29 08:52:36,835 google_places 25397 6197014528 Google Places API key not configured
ERROR 2025-07-29 08:52:36,835 google_places 25397 6197014528 Google Places API key not configured
INFO 2025-07-29 08:52:36,836 basehttp 25397 6197014528 "GET /api/recommendations/?lat=-1.2921&lng=36.8219 HTTP/1.1" 200 55
ERROR 2025-07-29 08:52:37,774 google_places 25397 6197014528 Google Places API key not configured
ERROR 2025-07-29 08:52:37,774 google_places 25397 6197014528 Google Places API key not configured
ERROR 2025-07-29 08:52:37,774 google_places 25397 6197014528 Google Places API key not configured
INFO 2025-07-29 08:52:37,775 basehttp 25397 6197014528 "GET /api/recommendations/?lat=-1.2921&lng=36.8219 HTTP/1.1" 200 55
ERROR 2025-07-29 08:52:38,552 google_places 25397 6197014528 Google Places API key not configured
ERROR 2025-07-29 08:52:38,553 google_places 25397 6197014528 Google Places API key not configured
ERROR 2025-07-29 08:52:38,553 google_places 25397 6197014528 Google Places API key not configured
INFO 2025-07-29 08:52:38,553 basehttp 25397 6197014528 "GET /api/recommendations/?lat=-1.2921&lng=36.8219 HTTP/1.1" 200 55
ERROR 2025-07-29 08:52:41,026 google_places 25397 6197014528 Google Places API key not configured
ERROR 2025-07-29 08:52:41,026 google_places 25397 6197014528 Google Places API key not configured
ERROR 2025-07-29 08:52:41,026 google_places 25397 6197014528 Google Places API key not configured
INFO 2025-07-29 08:52:41,027 basehttp 25397 6197014528 "GET /api/recommendations/?lat=-1.2921&lng=36.8219 HTTP/1.1" 200 55
ERROR 2025-07-29 08:52:42,943 google_places 25397 6197014528 Google Places API key not configured
ERROR 2025-07-29 08:52:42,943 google_places 25397 6197014528 Google Places API key not configured
ERROR 2025-07-29 08:52:42,943 google_places 25397 6197014528 Google Places API key not configured
INFO 2025-07-29 08:52:42,943 basehttp 25397 6197014528 "GET /api/recommendations/?lat=-1.2921&lng=36.8219 HTTP/1.1" 200 55
ERROR 2025-07-29 08:52:48,895 google_places 25397 6197014528 Google Places API key not configured
ERROR 2025-07-29 08:52:48,896 google_places 25397 6197014528 Google Places API key not configured
ERROR 2025-07-29 08:52:48,896 google_places 25397 6197014528 Google Places API key not configured
INFO 2025-07-29 08:52:48,896 basehttp 25397 6197014528 "GET /api/recommendations/?lat=-1.2921&lng=36.8219 HTTP/1.1" 200 55
ERROR 2025-07-29 08:52:50,124 google_places 25397 6197014528 Google Places API key not configured
ERROR 2025-07-29 08:52:50,124 google_places 25397 6197014528 Google Places API key not configured
ERROR 2025-07-29 08:52:50,124 google_places 25397 6197014528 Google Places API key not configured
INFO 2025-07-29 08:52:50,125 basehttp 25397 6197014528 "GET /api/recommendations/?lat=-1.2921&lng=36.8219 HTTP/1.1" 200 55
ERROR 2025-07-29 08:52:54,225 google_places 25397 6197014528 Google Places API key not configured
ERROR 2025-07-29 08:52:54,225 google_places 25397 6197014528 Google Places API key not configured
ERROR 2025-07-29 08:52:54,225 google_places 25397 6197014528 Google Places API key not configured
INFO 2025-07-29 08:52:54,225 basehttp 25397 6197014528 "GET /api/recommendations/?lat=-1.2921&lng=36.8219 HTTP/1.1" 200 55
INFO 2025-07-29 08:53:34,573 basehttp 25397 6197014528 "GET /api/auth/me/ HTTP/1.1" 200 356
INFO 2025-07-29 08:53:34,576 basehttp 25397 6197014528 "GET /api/auth/me/ HTTP/1.1" 200 356
INFO 2025-07-29 08:53:34,671 basehttp 25397 6213840896 "OPTIONS /api/trips/ HTTP/1.1" 200 0
INFO 2025-07-29 08:53:34,671 basehttp 25397 6197014528 "OPTIONS /api/trips/ HTTP/1.1" 200 0
INFO 2025-07-29 08:53:34,682 basehttp 25397 6197014528 "GET /api/trips/ HTTP/1.1" 200 1129
INFO 2025-07-29 08:53:34,689 basehttp 25397 6213840896 "GET /api/trips/ HTTP/1.1" 200 1129
ERROR 2025-07-29 08:53:34,769 google_places 25397 6213840896 Google Places API key not configured
ERROR 2025-07-29 08:53:34,769 google_places 25397 6213840896 Google Places API key not configured
ERROR 2025-07-29 08:53:34,769 google_places 25397 6213840896 Google Places API key not configured
INFO 2025-07-29 08:53:34,770 basehttp 25397 6213840896 "GET /api/recommendations/?lat=-1.2921&lng=36.8219 HTTP/1.1" 200 55
WARNING 2025-07-29 08:56:50,687 log 25397 6197014528 Unauthorized: /api/recommendations/
WARNING 2025-07-29 08:56:50,688 basehttp 25397 6197014528 "GET /api/recommendations/?lat=-1.2921&lng=36.8219 HTTP/1.1" 401 172
WARNING 2025-07-29 08:56:52,417 log 25397 6197014528 Unauthorized: /api/recommendations/
WARNING 2025-07-29 08:56:52,417 basehttp 25397 6197014528 "GET /api/recommendations/?lat=-1.2921&lng=36.8219 HTTP/1.1" 401 172
WARNING 2025-07-29 08:56:59,617 log 25397 6197014528 Unauthorized: /api/recommendations/
WARNING 2025-07-29 08:56:59,618 basehttp 25397 6197014528 "GET /api/recommendations/?lat=-1.2921&lng=36.8219 HTTP/1.1" 401 172
WARNING 2025-07-29 08:57:00,650 log 25397 6197014528 Unauthorized: /api/recommendations/
WARNING 2025-07-29 08:57:00,650 basehttp 25397 6197014528 "GET /api/recommendations/?lat=-1.2921&lng=36.8219 HTTP/1.1" 401 172
WARNING 2025-07-29 08:57:01,515 log 25397 6197014528 Unauthorized: /api/recommendations/
WARNING 2025-07-29 08:57:01,515 basehttp 25397 6197014528 "GET /api/recommendations/?lat=-1.2921&lng=36.8219 HTTP/1.1" 401 172
WARNING 2025-07-29 08:57:04,684 log 25397 6197014528 Unauthorized: /api/recommendations/
WARNING 2025-07-29 08:57:04,684 basehttp 25397 6197014528 "GET /api/recommendations/?lat=-1.2921&lng=36.8219 HTTP/1.1" 401 172
WARNING 2025-07-29 08:57:26,933 log 25397 6197014528 Unauthorized: /api/auth/me/
WARNING 2025-07-29 08:57:26,933 basehttp 25397 6197014528 "GET /api/auth/me/ HTTP/1.1" 401 172
WARNING 2025-07-29 08:57:26,935 log 25397 6197014528 Unauthorized: /api/auth/me/
WARNING 2025-07-29 08:57:26,935 basehttp 25397 6197014528 "GET /api/auth/me/ HTTP/1.1" 401 172
INFO 2025-07-29 08:57:29,859 basehttp 25397 6197014528 "OPTIONS /api/auth/login/ HTTP/1.1" 200 0
INFO 2025-07-29 08:57:30,109 basehttp 25397 6197014528 "POST /api/auth/login/ HTTP/1.1" 200 858
INFO 2025-07-29 08:57:30,182 basehttp 25397 6197014528 "GET /api/trips/ HTTP/1.1" 200 1129
INFO 2025-07-29 08:57:30,188 basehttp 25397 6197014528 "GET /api/trips/ HTTP/1.1" 200 1129
ERROR 2025-07-29 08:57:30,267 google_places 25397 6197014528 Google Places API key not configured
ERROR 2025-07-29 08:57:30,267 google_places 25397 6197014528 Google Places API key not configured
ERROR 2025-07-29 08:57:30,267 google_places 25397 6197014528 Google Places API key not configured
INFO 2025-07-29 08:57:30,267 basehttp 25397 6197014528 "GET /api/recommendations/?lat=-1.2921&lng=36.8219 HTTP/1.1" 200 55
ERROR 2025-07-29 08:57:43,335 google_places 25397 6197014528 Google Places API key not configured
ERROR 2025-07-29 08:57:43,335 google_places 25397 6197014528 Google Places API key not configured
ERROR 2025-07-29 08:57:43,335 google_places 25397 6197014528 Google Places API key not configured
INFO 2025-07-29 08:57:43,335 basehttp 25397 6197014528 "GET /api/recommendations/?lat=-1.2921&lng=36.8219 HTTP/1.1" 200 55
ERROR 2025-07-29 08:57:44,401 google_places 25397 6197014528 Google Places API key not configured
ERROR 2025-07-29 08:57:44,401 google_places 25397 6197014528 Google Places API key not configured
ERROR 2025-07-29 08:57:44,401 google_places 25397 6197014528 Google Places API key not configured
INFO 2025-07-29 08:57:44,402 basehttp 25397 6197014528 "GET /api/recommendations/?lat=-1.2921&lng=36.8219 HTTP/1.1" 200 55
ERROR 2025-07-29 08:57:45,550 google_places 25397 6197014528 Google Places API key not configured
ERROR 2025-07-29 08:57:45,551 google_places 25397 6197014528 Google Places API key not configured
ERROR 2025-07-29 08:57:45,551 google_places 25397 6197014528 Google Places API key not configured
INFO 2025-07-29 08:57:45,551 basehttp 25397 6197014528 "GET /api/recommendations/?lat=-1.2921&lng=36.8219 HTTP/1.1" 200 55
ERROR 2025-07-29 08:57:46,383 google_places 25397 6197014528 Google Places API key not configured
ERROR 2025-07-29 08:57:46,383 google_places 25397 6197014528 Google Places API key not configured
ERROR 2025-07-29 08:57:46,383 google_places 25397 6197014528 Google Places API key not configured
INFO 2025-07-29 08:57:46,383 basehttp 25397 6197014528 "GET /api/recommendations/?lat=-1.2921&lng=36.8219 HTTP/1.1" 200 55
ERROR 2025-07-29 08:57:47,214 google_places 25397 6197014528 Google Places API key not configured
ERROR 2025-07-29 08:57:47,215 google_places 25397 6197014528 Google Places API key not configured
ERROR 2025-07-29 08:57:47,215 google_places 25397 6197014528 Google Places API key not configured
INFO 2025-07-29 08:57:47,215 basehttp 25397 6197014528 "GET /api/recommendations/?lat=-1.2921&lng=36.8219 HTTP/1.1" 200 55
ERROR 2025-07-29 08:57:50,266 google_places 25397 6197014528 Google Places API key not configured
ERROR 2025-07-29 08:57:50,267 google_places 25397 6197014528 Google Places API key not configured
ERROR 2025-07-29 08:57:50,267 google_places 25397 6197014528 Google Places API key not configured
INFO 2025-07-29 08:57:50,267 basehttp 25397 6197014528 "GET /api/recommendations/?lat=-1.2921&lng=36.8219 HTTP/1.1" 200 55
ERROR 2025-07-29 08:57:51,383 google_places 25397 6197014528 Google Places API key not configured
ERROR 2025-07-29 08:57:51,383 google_places 25397 6197014528 Google Places API key not configured
ERROR 2025-07-29 08:57:51,383 google_places 25397 6197014528 Google Places API key not configured
INFO 2025-07-29 08:57:51,383 basehttp 25397 6197014528 "GET /api/recommendations/?lat=-1.2921&lng=36.8219 HTTP/1.1" 200 55
ERROR 2025-07-29 08:57:52,734 google_places 25397 6197014528 Google Places API key not configured
ERROR 2025-07-29 08:57:52,735 google_places 25397 6197014528 Google Places API key not configured
ERROR 2025-07-29 08:57:52,735 google_places 25397 6197014528 Google Places API key not configured
INFO 2025-07-29 08:57:52,735 basehttp 25397 6197014528 "GET /api/recommendations/?lat=-1.2921&lng=36.8219 HTTP/1.1" 200 55
ERROR 2025-07-29 08:57:55,999 google_places 25397 6197014528 Google Places API key not configured
ERROR 2025-07-29 08:57:55,999 google_places 25397 6197014528 Google Places API key not configured
ERROR 2025-07-29 08:57:55,999 google_places 25397 6197014528 Google Places API key not configured
INFO 2025-07-29 08:57:56,000 basehttp 25397 6197014528 "GET /api/recommendations/?lat=-1.2921&lng=36.8219 HTTP/1.1" 200 55
ERROR 2025-07-29 08:57:56,883 google_places 25397 6197014528 Google Places API key not configured
ERROR 2025-07-29 08:57:56,883 google_places 25397 6197014528 Google Places API key not configured
ERROR 2025-07-29 08:57:56,883 google_places 25397 6197014528 Google Places API key not configured
INFO 2025-07-29 08:57:56,883 basehttp 25397 6197014528 "GET /api/recommendations/?lat=-1.2921&lng=36.8219 HTTP/1.1" 200 55
ERROR 2025-07-29 08:58:01,048 google_places 25397 6197014528 Google Places API key not configured
ERROR 2025-07-29 08:58:01,049 google_places 25397 6197014528 Google Places API key not configured
ERROR 2025-07-29 08:58:01,049 google_places 25397 6197014528 Google Places API key not configured
INFO 2025-07-29 08:58:01,049 basehttp 25397 6197014528 "GET /api/recommendations/?lat=-1.2921&lng=36.8219 HTTP/1.1" 200 55
ERROR 2025-07-29 08:58:02,013 google_places 25397 6197014528 Google Places API key not configured
ERROR 2025-07-29 08:58:02,013 google_places 25397 6197014528 Google Places API key not configured
ERROR 2025-07-29 08:58:02,013 google_places 25397 6197014528 Google Places API key not configured
INFO 2025-07-29 08:58:02,013 basehttp 25397 6197014528 "GET /api/recommendations/?lat=-1.2921&lng=36.8219 HTTP/1.1" 200 55
ERROR 2025-07-29 08:58:02,731 google_places 25397 6197014528 Google Places API key not configured
ERROR 2025-07-29 08:58:02,731 google_places 25397 6197014528 Google Places API key not configured
ERROR 2025-07-29 08:58:02,731 google_places 25397 6197014528 Google Places API key not configured
INFO 2025-07-29 08:58:02,732 basehttp 25397 6197014528 "GET /api/recommendations/?lat=-1.2921&lng=36.8219 HTTP/1.1" 200 55
ERROR 2025-07-29 08:59:53,189 google_places 25397 6197014528 Google Places API key not configured
ERROR 2025-07-29 08:59:53,190 google_places 25397 6197014528 Google Places API key not configured
ERROR 2025-07-29 08:59:53,190 google_places 25397 6197014528 Google Places API key not configured
INFO 2025-07-29 08:59:53,190 basehttp 25397 6197014528 "GET /api/recommendations/?lat=-1.2921&lng=36.8219 HTTP/1.1" 200 55
ERROR 2025-07-29 09:00:47,676 google_places 25397 6197014528 Google Places API key not configured
ERROR 2025-07-29 09:00:47,677 google_places 25397 6197014528 Google Places API key not configured
ERROR 2025-07-29 09:00:47,677 google_places 25397 6197014528 Google Places API key not configured
INFO 2025-07-29 09:00:47,678 basehttp 25397 6197014528 "GET /api/recommendations/?lat=-1.2921&lng=36.8219 HTTP/1.1" 200 55
ERROR 2025-07-29 09:00:48,796 google_places 25397 6197014528 Google Places API key not configured
ERROR 2025-07-29 09:00:48,796 google_places 25397 6197014528 Google Places API key not configured
ERROR 2025-07-29 09:00:48,796 google_places 25397 6197014528 Google Places API key not configured
INFO 2025-07-29 09:00:48,797 basehttp 25397 6197014528 "GET /api/recommendations/?lat=-1.2921&lng=36.8219 HTTP/1.1" 200 55
ERROR 2025-07-29 09:00:51,161 google_places 25397 6197014528 Google Places API key not configured
ERROR 2025-07-29 09:00:51,162 google_places 25397 6197014528 Google Places API key not configured
ERROR 2025-07-29 09:00:51,162 google_places 25397 6197014528 Google Places API key not configured
INFO 2025-07-29 09:00:51,162 basehttp 25397 6197014528 "GET /api/recommendations/?lat=-1.2921&lng=36.8219 HTTP/1.1" 200 55
ERROR 2025-07-29 09:00:53,080 google_places 25397 6197014528 Google Places API key not configured
ERROR 2025-07-29 09:00:53,080 google_places 25397 6197014528 Google Places API key not configured
ERROR 2025-07-29 09:00:53,080 google_places 25397 6197014528 Google Places API key not configured
INFO 2025-07-29 09:00:53,081 basehttp 25397 6197014528 "GET /api/recommendations/?lat=-1.2921&lng=36.8219 HTTP/1.1" 200 55
ERROR 2025-07-29 09:00:54,228 google_places 25397 6197014528 Google Places API key not configured
ERROR 2025-07-29 09:00:54,228 google_places 25397 6197014528 Google Places API key not configured
ERROR 2025-07-29 09:00:54,228 google_places 25397 6197014528 Google Places API key not configured
INFO 2025-07-29 09:00:54,228 basehttp 25397 6197014528 "GET /api/recommendations/?lat=-1.2921&lng=36.8219 HTTP/1.1" 200 55
ERROR 2025-07-29 09:01:01,526 google_places 25397 6197014528 Google Places API key not configured
ERROR 2025-07-29 09:01:01,526 google_places 25397 6197014528 Google Places API key not configured
ERROR 2025-07-29 09:01:01,526 google_places 25397 6197014528 Google Places API key not configured
INFO 2025-07-29 09:01:01,526 basehttp 25397 6197014528 "GET /api/recommendations/?lat=-1.2921&lng=36.8219 HTTP/1.1" 200 55
ERROR 2025-07-29 09:01:02,613 google_places 25397 6197014528 Google Places API key not configured
ERROR 2025-07-29 09:01:02,613 google_places 25397 6197014528 Google Places API key not configured
ERROR 2025-07-29 09:01:02,613 google_places 25397 6197014528 Google Places API key not configured
INFO 2025-07-29 09:01:02,614 basehttp 25397 6197014528 "GET /api/recommendations/?lat=-1.2921&lng=36.8219 HTTP/1.1" 200 55
ERROR 2025-07-29 09:01:03,646 google_places 25397 6197014528 Google Places API key not configured
ERROR 2025-07-29 09:01:03,646 google_places 25397 6197014528 Google Places API key not configured
ERROR 2025-07-29 09:01:03,646 google_places 25397 6197014528 Google Places API key not configured
INFO 2025-07-29 09:01:03,646 basehttp 25397 6197014528 "GET /api/recommendations/?lat=-1.2921&lng=36.8219 HTTP/1.1" 200 55
ERROR 2025-07-29 09:01:04,696 google_places 25397 6197014528 Google Places API key not configured
ERROR 2025-07-29 09:01:04,696 google_places 25397 6197014528 Google Places API key not configured
ERROR 2025-07-29 09:01:04,697 google_places 25397 6197014528 Google Places API key not configured
INFO 2025-07-29 09:01:04,697 basehttp 25397 6197014528 "GET /api/recommendations/?lat=-1.2921&lng=36.8219 HTTP/1.1" 200 55
INFO 2025-07-29 09:02:56,325 basehttp 25397 6197014528 "GET /api/auth/me/ HTTP/1.1" 200 356
INFO 2025-07-29 09:02:56,328 basehttp 25397 6197014528 "GET /api/auth/me/ HTTP/1.1" 200 356
INFO 2025-07-29 09:02:56,429 basehttp 25397 6197014528 "GET /api/trips/ HTTP/1.1" 200 1129
INFO 2025-07-29 09:02:56,436 basehttp 25397 6213840896 "GET /api/trips/ HTTP/1.1" 200 1129
ERROR 2025-07-29 09:02:56,504 google_places 25397 6213840896 Google Places API key not configured
ERROR 2025-07-29 09:02:56,505 google_places 25397 6213840896 Google Places API key not configured
ERROR 2025-07-29 09:02:56,505 google_places 25397 6213840896 Google Places API key not configured
INFO 2025-07-29 09:02:56,505 basehttp 25397 6213840896 "GET /api/recommendations/?lat=-1.2921&lng=36.8219 HTTP/1.1" 200 55
INFO 2025-07-29 09:03:37,109 basehttp 25397 6197014528 "POST /api/trips/ HTTP/1.1" 201 385
ERROR 2025-07-29 09:03:37,150 google_places 25397 6197014528 Google Places API key not configured
ERROR 2025-07-29 09:03:37,150 google_places 25397 6197014528 Google Places API key not configured
ERROR 2025-07-29 09:03:37,150 google_places 25397 6197014528 Google Places API key not configured
INFO 2025-07-29 09:03:37,151 basehttp 25397 6197014528 "GET /api/recommendations/?lat=-1.2921&lng=36.8219 HTTP/1.1" 200 55
INFO 2025-07-29 09:04:10,119 basehttp 25397 6197014528 "POST /api/trips/ HTTP/1.1" 201 393
ERROR 2025-07-29 09:04:21,056 google_places 25397 6197014528 Google Places API key not configured
ERROR 2025-07-29 09:04:21,056 google_places 25397 6197014528 Google Places API key not configured
ERROR 2025-07-29 09:04:21,056 google_places 25397 6197014528 Google Places API key not configured
INFO 2025-07-29 09:04:21,056 basehttp 25397 6197014528 "GET /api/recommendations/?lat=-1.2921&lng=36.8219 HTTP/1.1" 200 55
ERROR 2025-07-29 09:04:22,407 google_places 25397 6197014528 Google Places API key not configured
ERROR 2025-07-29 09:04:22,407 google_places 25397 6197014528 Google Places API key not configured
ERROR 2025-07-29 09:04:22,407 google_places 25397 6197014528 Google Places API key not configured
INFO 2025-07-29 09:04:22,407 basehttp 25397 6197014528 "GET /api/recommendations/?lat=-1.2921&lng=36.8219 HTTP/1.1" 200 55
ERROR 2025-07-29 09:04:23,904 google_places 25397 6197014528 Google Places API key not configured
ERROR 2025-07-29 09:04:23,904 google_places 25397 6197014528 Google Places API key not configured
ERROR 2025-07-29 09:04:23,904 google_places 25397 6197014528 Google Places API key not configured
INFO 2025-07-29 09:04:23,905 basehttp 25397 6197014528 "GET /api/recommendations/?lat=-1.2921&lng=36.8219 HTTP/1.1" 200 55
ERROR 2025-07-29 09:04:24,655 google_places 25397 6197014528 Google Places API key not configured
ERROR 2025-07-29 09:04:24,655 google_places 25397 6197014528 Google Places API key not configured
ERROR 2025-07-29 09:04:24,655 google_places 25397 6197014528 Google Places API key not configured
INFO 2025-07-29 09:04:24,655 basehttp 25397 6197014528 "GET /api/recommendations/?lat=-1.2921&lng=36.8219 HTTP/1.1" 200 55
ERROR 2025-07-29 09:06:12,521 google_places 25397 6197014528 Google Places API key not configured
ERROR 2025-07-29 09:06:12,522 google_places 25397 6197014528 Google Places API key not configured
ERROR 2025-07-29 09:06:12,522 google_places 25397 6197014528 Google Places API key not configured
INFO 2025-07-29 09:06:12,523 basehttp 25397 6197014528 "GET /api/recommendations/?lat=-1.2921&lng=36.8219 HTTP/1.1" 200 55
ERROR 2025-07-29 09:06:13,538 google_places 25397 6197014528 Google Places API key not configured
ERROR 2025-07-29 09:06:13,538 google_places 25397 6197014528 Google Places API key not configured
ERROR 2025-07-29 09:06:13,538 google_places 25397 6197014528 Google Places API key not configured
INFO 2025-07-29 09:06:13,538 basehttp 25397 6197014528 "GET /api/recommendations/?lat=-1.2921&lng=36.8219 HTTP/1.1" 200 55
INFO 2025-07-29 09:06:28,807 basehttp 25397 6197014528 "OPTIONS /api/trips/NaN/stops/ HTTP/1.1" 200 0
WARNING 2025-07-29 09:06:28,816 log 25397 6197014528 Not Found: /api/trips/NaN/stops/
WARNING 2025-07-29 09:06:28,816 basehttp 25397 6197014528 "POST /api/trips/NaN/stops/ HTTP/1.1" 404 5918
WARNING 2025-07-29 09:06:31,483 log 25397 6197014528 Not Found: /api/trips/NaN/stops/
WARNING 2025-07-29 09:06:31,483 basehttp 25397 6197014528 "POST /api/trips/NaN/stops/ HTTP/1.1" 404 5918
WARNING 2025-07-29 09:06:33,838 log 25397 6197014528 Not Found: /api/trips/NaN/stops/
WARNING 2025-07-29 09:06:33,838 basehttp 25397 6197014528 "POST /api/trips/NaN/stops/ HTTP/1.1" 404 5918
INFO 2025-07-29 09:09:30,223 basehttp 25397 6197014528 "GET /api/auth/me/ HTTP/1.1" 200 356
INFO 2025-07-29 09:09:30,227 basehttp 25397 6197014528 "GET /api/auth/me/ HTTP/1.1" 200 356
INFO 2025-07-29 09:09:30,333 basehttp 25397 6197014528 "GET /api/trips/ HTTP/1.1" 200 1867
INFO 2025-07-29 09:09:30,343 basehttp 25397 6213840896 "GET /api/trips/ HTTP/1.1" 200 1867
ERROR 2025-07-29 09:09:30,415 google_places 25397 6213840896 Google Places API key not configured
ERROR 2025-07-29 09:09:30,415 google_places 25397 6213840896 Google Places API key not configured
ERROR 2025-07-29 09:09:30,415 google_places 25397 6213840896 Google Places API key not configured
INFO 2025-07-29 09:09:30,415 basehttp 25397 6213840896 "GET /api/recommendations/?lat=-1.2921&lng=36.8219 HTTP/1.1" 200 55
INFO 2025-07-29 09:16:03,065 basehttp 25397 6197014528 "GET /api/auth/me/ HTTP/1.1" 200 356
INFO 2025-07-29 09:16:03,068 basehttp 25397 6197014528 "GET /api/auth/me/ HTTP/1.1" 200 356
INFO 2025-07-29 09:16:03,230 basehttp 25397 6197014528 "GET /api/trips/ HTTP/1.1" 200 1867
INFO 2025-07-29 09:16:03,264 basehttp 25397 6197014528 "GET /api/trips/ HTTP/1.1" 200 1867
ERROR 2025-07-29 09:16:03,281 google_places 25397 6197014528 Google Places API key not configured
ERROR 2025-07-29 09:16:03,282 google_places 25397 6197014528 Google Places API key not configured
ERROR 2025-07-29 09:16:03,282 google_places 25397 6197014528 Google Places API key not configured
INFO 2025-07-29 09:16:03,283 basehttp 25397 6197014528 "GET /api/recommendations/?lat=-1.2921&lng=36.8219 HTTP/1.1" 200 55
INFO 2025-07-29 09:19:06,291 basehttp 25397 6197014528 "GET /api/auth/me/ HTTP/1.1" 200 356
INFO 2025-07-29 09:19:06,294 basehttp 25397 6197014528 "GET /api/auth/me/ HTTP/1.1" 200 356
INFO 2025-07-29 09:19:06,412 basehttp 25397 6197014528 "GET /api/trips/ HTTP/1.1" 200 1867
INFO 2025-07-29 09:19:06,425 basehttp 25397 6213840896 "GET /api/trips/ HTTP/1.1" 200 1867
ERROR 2025-07-29 09:19:06,509 google_places 25397 6213840896 Google Places API key not configured
ERROR 2025-07-29 09:19:06,509 google_places 25397 6213840896 Google Places API key not configured
ERROR 2025-07-29 09:19:06,509 google_places 25397 6213840896 Google Places API key not configured
INFO 2025-07-29 09:19:06,509 basehttp 25397 6213840896 "GET /api/recommendations/?lat=-1.2921&lng=36.8219 HTTP/1.1" 200 55
INFO 2025-07-29 09:24:16,959 basehttp 25397 6197014528 "GET /api/trips/ HTTP/1.1" 200 1867
INFO 2025-07-29 09:24:16,996 basehttp 25397 6197014528 "GET /api/trips/ HTTP/1.1" 200 1867
ERROR 2025-07-29 09:24:17,075 google_places 25397 6197014528 Google Places API key not configured
ERROR 2025-07-29 09:24:17,075 google_places 25397 6197014528 Google Places API key not configured
ERROR 2025-07-29 09:24:17,075 google_places 25397 6197014528 Google Places API key not configured
INFO 2025-07-29 09:24:17,076 basehttp 25397 6197014528 "GET /api/recommendations/?lat=-1.2921&lng=36.8219 HTTP/1.1" 200 55
ERROR 2025-07-29 09:24:50,877 google_places 25397 6213840896 Google Places API key not configured
ERROR 2025-07-29 09:24:50,879 google_places 25397 6213840896 Google Places API key not configured
ERROR 2025-07-29 09:24:50,879 google_places 25397 6213840896 Google Places API key not configured
INFO 2025-07-29 09:24:50,880 basehttp 25397 6213840896 "GET /api/recommendations/?lat=-1.2921&lng=36.8219 HTTP/1.1" 200 55
INFO 2025-07-29 09:24:50,893 basehttp 25397 6197014528 "GET /api/trips/ HTTP/1.1" 200 1867
ERROR 2025-07-29 09:25:06,860 google_places 25397 6213840896 Google Places API key not configured
ERROR 2025-07-29 09:25:06,861 google_places 25397 6213840896 Google Places API key not configured
ERROR 2025-07-29 09:25:06,861 google_places 25397 6213840896 Google Places API key not configured
INFO 2025-07-29 09:25:06,862 basehttp 25397 6213840896 "GET /api/recommendations/?lat=-1.2921&lng=36.8219 HTTP/1.1" 200 55
INFO 2025-07-29 09:25:06,866 basehttp 25397 6197014528 "GET /api/trips/ HTTP/1.1" 200 1867
ERROR 2025-07-29 09:25:47,870 google_places 25397 6213840896 Google Places API key not configured
ERROR 2025-07-29 09:25:47,872 google_places 25397 6213840896 Google Places API key not configured
ERROR 2025-07-29 09:25:47,873 google_places 25397 6213840896 Google Places API key not configured
INFO 2025-07-29 09:25:47,873 basehttp 25397 6213840896 "GET /api/recommendations/?lat=-1.2921&lng=36.8219 HTTP/1.1" 200 55
INFO 2025-07-29 09:25:47,881 basehttp 25397 6197014528 "GET /api/trips/ HTTP/1.1" 200 1867
INFO 2025-07-29 09:37:05,851 basehttp 25397 6197014528 "OPTIONS /api/trips/23/stops/ HTTP/1.1" 200 0
WARNING 2025-07-29 09:37:05,861 log 25397 6197014528 Bad Request: /api/trips/23/stops/
WARNING 2025-07-29 09:37:05,861 basehttp 25397 6197014528 "POST /api/trips/23/stops/ HTTP/1.1" 400 37
WARNING 2025-07-29 09:37:07,801 log 25397 6197014528 Bad Request: /api/trips/23/stops/
WARNING 2025-07-29 09:37:07,801 basehttp 25397 6197014528 "POST /api/trips/23/stops/ HTTP/1.1" 400 37
INFO 2025-07-29 09:41:17,846 basehttp 25397 6197014528 "OPTIONS /api/auth/me/ HTTP/1.1" 200 0
INFO 2025-07-29 09:41:17,850 basehttp 25397 6213840896 "OPTIONS /api/auth/me/ HTTP/1.1" 200 0
INFO 2025-07-29 09:41:17,861 basehttp 25397 6197014528 "GET /api/auth/me/ HTTP/1.1" 200 356
INFO 2025-07-29 09:41:17,865 basehttp 25397 6213840896 "GET /api/auth/me/ HTTP/1.1" 200 356
INFO 2025-07-29 09:41:17,962 basehttp 25397 6213840896 "GET /api/trips/ HTTP/1.1" 200 1867
INFO 2025-07-29 09:41:17,980 basehttp 25397 6197014528 "GET /api/trips/ HTTP/1.1" 200 1867
INFO 2025-07-29 09:41:18,070 basehttp 25397 6197014528 "OPTIONS /api/recommendations/?lat=-1.2921&lng=36.8219 HTTP/1.1" 200 0
ERROR 2025-07-29 09:41:18,072 google_places 25397 6197014528 Google Places API key not configured
ERROR 2025-07-29 09:41:18,072 google_places 25397 6197014528 Google Places API key not configured
ERROR 2025-07-29 09:41:18,072 google_places 25397 6197014528 Google Places API key not configured
INFO 2025-07-29 09:41:18,073 basehttp 25397 6197014528 "GET /api/recommendations/?lat=-1.2921&lng=36.8219 HTTP/1.1" 200 55
INFO 2025-07-29 09:42:33,067 basehttp 25397 6197014528 "OPTIONS /api/trips/23/ HTTP/1.1" 200 0
INFO 2025-07-29 09:42:33,093 basehttp 25397 6197014528 "DELETE /api/trips/23/ HTTP/1.1" 204 0
ERROR 2025-07-29 09:42:56,845 google_places 25397 6213840896 Google Places API key not configured
ERROR 2025-07-29 09:42:56,845 google_places 25397 6213840896 Google Places API key not configured
ERROR 2025-07-29 09:42:56,845 google_places 25397 6213840896 Google Places API key not configured
INFO 2025-07-29 09:42:56,846 basehttp 25397 6213840896 "GET /api/recommendations/?lat=-1.2921&lng=36.8219 HTTP/1.1" 200 55
INFO 2025-07-29 09:42:56,863 basehttp 25397 6197014528 "GET /api/trips/ HTTP/1.1" 200 1494
ERROR 2025-07-29 09:42:56,880 google_places 25397 6197014528 Google Places API key not configured
ERROR 2025-07-29 09:42:56,880 google_places 25397 6197014528 Google Places API key not configured
ERROR 2025-07-29 09:42:56,880 google_places 25397 6197014528 Google Places API key not configured
INFO 2025-07-29 09:42:56,881 basehttp 25397 6197014528 "GET /api/recommendations/?lat=-1.2921&lng=36.8219 HTTP/1.1" 200 55
ERROR 2025-07-29 09:43:41,849 google_places 25397 6213840896 Google Places API key not configured
ERROR 2025-07-29 09:43:41,850 google_places 25397 6213840896 Google Places API key not configured
ERROR 2025-07-29 09:43:41,850 google_places 25397 6213840896 Google Places API key not configured
INFO 2025-07-29 09:43:41,851 basehttp 25397 6213840896 "GET /api/recommendations/?lat=-1.2921&lng=36.8219 HTTP/1.1" 200 55
INFO 2025-07-29 09:43:41,866 basehttp 25397 6197014528 "GET /api/trips/ HTTP/1.1" 200 1494
INFO 2025-07-29 09:43:48,040 basehttp 25397 6197014528 "GET /api/auth/me/ HTTP/1.1" 200 356
INFO 2025-07-29 09:43:48,043 basehttp 25397 6197014528 "GET /api/auth/me/ HTTP/1.1" 200 356
INFO 2025-07-29 09:43:48,169 basehttp 25397 6197014528 "GET /api/trips/ HTTP/1.1" 200 1494
INFO 2025-07-29 09:43:48,178 basehttp 25397 6213840896 "GET /api/trips/ HTTP/1.1" 200 1494
ERROR 2025-07-29 09:43:48,263 google_places 25397 6213840896 Google Places API key not configured
ERROR 2025-07-29 09:43:48,263 google_places 25397 6213840896 Google Places API key not configured
ERROR 2025-07-29 09:43:48,263 google_places 25397 6213840896 Google Places API key not configured
INFO 2025-07-29 09:43:48,264 basehttp 25397 6213840896 "GET /api/recommendations/?lat=-1.2921&lng=36.8219 HTTP/1.1" 200 55
INFO 2025-07-29 09:43:51,306 basehttp 25397 6197014528 "OPTIONS /api/trips/22/ HTTP/1.1" 200 0
INFO 2025-07-29 09:43:51,313 basehttp 25397 6197014528 "DELETE /api/trips/22/ HTTP/1.1" 204 0
INFO 2025-07-29 09:44:18,246 basehttp 25397 6197014528 "GET /api/auth/me/ HTTP/1.1" 200 356
INFO 2025-07-29 09:44:18,269 basehttp 25397 6197014528 "GET /api/auth/me/ HTTP/1.1" 200 356
INFO 2025-07-29 09:44:18,321 basehttp 25397 6197014528 "GET /api/trips/ HTTP/1.1" 200 1129
INFO 2025-07-29 09:44:18,335 basehttp 25397 6213840896 "GET /api/trips/ HTTP/1.1" 200 1129
ERROR 2025-07-29 09:44:18,400 google_places 25397 6213840896 Google Places API key not configured
ERROR 2025-07-29 09:44:18,401 google_places 25397 6213840896 Google Places API key not configured
ERROR 2025-07-29 09:44:18,401 google_places 25397 6213840896 Google Places API key not configured
INFO 2025-07-29 09:44:18,401 basehttp 25397 6213840896 "GET /api/recommendations/?lat=-1.2921&lng=36.8219 HTTP/1.1" 200 55
INFO 2025-07-29 09:44:22,922 basehttp 25397 6197014528 "OPTIONS /api/trips/21/ HTTP/1.1" 200 0
INFO 2025-07-29 09:44:22,930 basehttp 25397 6197014528 "DELETE /api/trips/21/ HTTP/1.1" 204 0
INFO 2025-07-29 09:45:29,455 basehttp 25397 6197014528 "GET /api/auth/me/ HTTP/1.1" 200 356
INFO 2025-07-29 09:45:29,458 basehttp 25397 6197014528 "GET /api/auth/me/ HTTP/1.1" 200 356
INFO 2025-07-29 09:45:29,570 basehttp 25397 6197014528 "GET /api/trips/ HTTP/1.1" 200 786
INFO 2025-07-29 09:45:29,575 basehttp 25397 6213840896 "GET /api/trips/ HTTP/1.1" 200 786
ERROR 2025-07-29 09:45:29,743 google_places 25397 6213840896 Google Places API key not configured
ERROR 2025-07-29 09:45:29,743 google_places 25397 6213840896 Google Places API key not configured
ERROR 2025-07-29 09:45:29,743 google_places 25397 6213840896 Google Places API key not configured
INFO 2025-07-29 09:45:29,744 basehttp 25397 6213840896 "GET /api/recommendations/?lat=-1.2921&lng=36.8219 HTTP/1.1" 200 55
INFO 2025-07-29 09:47:13,915 basehttp 25397 6213840896 "GET /api/auth/me/ HTTP/1.1" 200 356
INFO 2025-07-29 09:47:13,940 basehttp 25397 6197014528 "GET /api/trips/ HTTP/1.1" 200 786
INFO 2025-07-29 09:47:13,947 basehttp 25397 6213840896 "GET /api/trips/ HTTP/1.1" 200 786
ERROR 2025-07-29 09:47:14,025 google_places 25397 6213840896 Google Places API key not configured
ERROR 2025-07-29 09:47:14,025 google_places 25397 6213840896 Google Places API key not configured
ERROR 2025-07-29 09:47:14,026 google_places 25397 6213840896 Google Places API key not configured
INFO 2025-07-29 09:47:14,026 basehttp 25397 6213840896 "GET /api/recommendations/?lat=-1.2921&lng=36.8219 HTTP/1.1" 200 55
INFO 2025-07-29 09:48:25,254 basehttp 25397 6197014528 "OPTIONS /api/trips/20/ HTTP/1.1" 200 0
INFO 2025-07-29 09:48:25,271 basehttp 25397 6197014528 "DELETE /api/trips/20/ HTTP/1.1" 204 0
ERROR 2025-07-29 09:48:25,282 google_places 25397 6197014528 Google Places API key not configured
ERROR 2025-07-29 09:48:25,282 google_places 25397 6197014528 Google Places API key not configured
ERROR 2025-07-29 09:48:25,282 google_places 25397 6197014528 Google Places API key not configured
INFO 2025-07-29 09:48:25,282 basehttp 25397 6197014528 "GET /api/recommendations/?lat=-1.2921&lng=36.8219 HTTP/1.1" 200 55
INFO 2025-07-29 09:50:41,294 basehttp 25397 6197014528 "GET /api/auth/me/ HTTP/1.1" 200 356
INFO 2025-07-29 09:50:41,299 basehttp 25397 6197014528 "GET /api/auth/me/ HTTP/1.1" 200 356
INFO 2025-07-29 09:50:41,405 basehttp 25397 6197014528 "GET /api/trips/ HTTP/1.1" 200 435
INFO 2025-07-29 09:50:41,412 basehttp 25397 6213840896 "GET /api/trips/ HTTP/1.1" 200 435
ERROR 2025-07-29 09:50:41,491 google_places 25397 6213840896 Google Places API key not configured
ERROR 2025-07-29 09:50:41,491 google_places 25397 6213840896 Google Places API key not configured
ERROR 2025-07-29 09:50:41,491 google_places 25397 6213840896 Google Places API key not configured
INFO 2025-07-29 09:50:41,492 basehttp 25397 6213840896 "GET /api/recommendations/?lat=-1.2921&lng=36.8219 HTTP/1.1" 200 55
INFO 2025-07-29 09:52:18,174 basehttp 25397 6197014528 "OPTIONS /api/trips/19/stops/ HTTP/1.1" 200 0
WARNING 2025-07-29 09:52:18,183 log 25397 6197014528 Bad Request: /api/trips/19/stops/
WARNING 2025-07-29 09:52:18,183 basehttp 25397 6197014528 "POST /api/trips/19/stops/ HTTP/1.1" 400 37
WARNING 2025-07-29 09:52:20,575 log 25397 6197014528 Bad Request: /api/trips/19/stops/
WARNING 2025-07-29 09:52:20,575 basehttp 25397 6197014528 "POST /api/trips/19/stops/ HTTP/1.1" 400 37
WARNING 2025-07-29 09:52:22,577 log 25397 6197014528 Bad Request: /api/trips/19/stops/
WARNING 2025-07-29 09:52:22,577 basehttp 25397 6197014528 "POST /api/trips/19/stops/ HTTP/1.1" 400 37
